epoch,train_loss,train_cost_arithmetic,val_cost_arithmetic,learning_rate,temperature,time_per_epoch,baseline_type,baseline_value,mean_type
0,-0.17332091862956683,0.6488799115022024,0.6416897270828485,0.0001,2.4995468881448666,268.3588855266571,rollout,0.6108691096305847,arithmetic
1,-0.22596203287442526,0.5958660360177358,,9.997557473810373e-05,2.5,209.34815907478333,rollout,,arithmetic
2,-0.09704886512209972,0.5615455718835195,0.5513375844457187,9.990232305719946e-05,2.4995468881448666,213.5326063632965,rollout,0.5576874017715454,arithmetic
3,-0.0643016442283988,0.5543539083003998,,9.978031724785248e-05,2.498188008824696,210.2205114364624,rollout,,arithmetic
4,-0.04135681850214799,0.5507156256834665,0.5356253526406363,9.960967771506668e-05,2.4959247303157763,210.54704642295837,rollout,0.5575728416442871,arithmetic
5,-0.027317256381114322,0.5478502440452576,,9.939057285945934e-05,2.492759331547716,210.11584901809692,rollout,,arithmetic
6,-0.04159863139192263,0.5445869592825572,0.5390911808935925,9.912321891107012e-05,2.4886949998087546,211.201518535614,rollout,0.5450446605682373,arithmetic
7,-0.025261976197361945,0.543218751748403,,9.880787971596802e-05,2.483735827536436,208.58526706695557,rollout,,arithmetic
8,-0.04403670671085517,0.5408588393529257,0.5269975654664449,9.844486647586726e-05,2.4778868081968666,211.28741908073425,rollout,0.5368056893348694,arithmetic
9,-0.03082045529037714,0.5345730368296305,,9.80345374410087e-05,2.4711538312567205,210.04881477355957,rollout,,arithmetic
10,-0.09513758827000857,0.512381662329038,0.4887910212855786,9.757729755661012e-05,2.463543676253048,214.12349462509155,rollout,0.48883935809135437,arithmetic
11,-0.10190845223764579,0.48369009653727213,,9.707359806323419e-05,2.4550640059668507,216.35072875022888,rollout,,arithmetic
12,-0.09970893493543069,0.47800460358460745,0.46957597212167457,9.652393605146847e-05,2.4457233587073173,221.36999011039734,rollout,0.47098663449287415,arithmetic
13,-0.0681868019203345,0.4716887438297272,,9.592885397135708e-05,2.435531139714465,218.4118993282318,rollout,,arithmetic
14,-0.07715261189887922,0.46639793892701464,0.4542584257433191,9.5288939097068e-05,2.424497611688863,222.81321358680725,rollout,0.45528319478034973,arithmetic
15,-0.1001600399489204,0.460895898938179,,9.460482294732424e-05,2.4126338844579593,221.61046195030212,rollout,,arithmetic
16,-0.09042204935103655,0.45918941756089526,0.4502543748822063,9.387718066217127e-05,2.399951903789431,225.67525029182434,rollout,0.44994908571243286,arithmetic
17,-0.07848546046142776,0.4560818751653036,,9.310673033669524e-05,2.3864644393628067,221.84001564979553,rollout,,arithmetic
18,-0.06438735314955314,0.45340100626150764,0.4454430219484493,9.229423231234978e-05,2.3721850719114794,227.1228368282318,rollout,0.4493483304977417,arithmetic
19,-0.07283370500430465,0.4517827300230662,,9.144048842659084e-05,2.357128179548063,225.97718477249146,rollout,,arithmetic
20,-0.05531595169256131,0.4494005475441615,0.4402830752078444,9.054634122155993e-05,2.3413089232868494,225.80471301078796,rollout,0.4494062066078186,arithmetic
21,-0.09107906705389421,0.4487182211875915,,8.961267311259669e-05,2.324743231777953,222.60149574279785,rollout,,arithmetic
22,-0.039608563321332134,0.44694645603497823,0.43942518765106797,8.864040551740159e-05,2.3074477852685087,225.11030173301697,rollout,0.4449251890182495,arithmetic
23,-0.07328803023944298,0.4477253256241481,,8.763049794670778e-05,2.2894399988070804,226.35526299476624,rollout,,arithmetic
24,-0.07916989089921117,0.4460440210501353,0.44559100686456077,8.65839470573599e-05,2.2707380047081793,225.6805408000946,rollout,0.4432183504104614,arithmetic
25,-0.051109900176525114,0.44500755190849306,,8.550178566873413e-05,2.251360634294563,221.53676056861877,rollout,,arithmetic
26,-0.03336469449102879,0.4432957382996877,0.4375487003708258,8.438508174347012e-05,2.231327398935689,223.38869166374207,rollout,0.4387236535549164,arithmetic
27,-0.060045538134872914,0.44292213579018913,,8.32349373335208e-05,2.2106584704014187,227.87057828903198,rollout,,arithmetic
28,-0.024709763787686825,0.4422023443380992,0.4318588924361393,8.205248749256017e-05,2.1893746605507567,230.45618748664856,rollout,0.4388764500617981,arithmetic
29,-0.058222747271259624,0.4411932641267777,,8.083889915582238e-05,2.16749740037607,224.1576325893402,rollout,,arithmetic
30,-0.024086349376787743,0.4409854875008265,0.44089089008048177,7.959536998847746e-05,2.1450487184239,266.41545057296753,rollout,0.4388960897922516,arithmetic
31,-0.037811302989721296,0.439568422238032,,7.83231272036805e-05,2.1220512186140787,295.64289379119873,rollout,,arithmetic
32,-0.03649881680185596,0.441411372423172,0.4358590668416582,7.702342635146036e-05,2.0985280574794993,262.6635820865631,rollout,0.43905872106552124,arithmetic
33,-0.010237363117436568,0.4397979752222697,,7.56975500796434e-05,2.074502920849452,234.12721490859985,rollout,,arithmetic
34,-0.0318922853221496,0.43895430346330006,0.4335929982480593,7.434680686803493e-05,2.05,241.28271222114563,rollout,0.4391920566558838,arithmetic
35,-0.019876214464505514,0.4396318115790685,,7.297252973710759e-05,2.0250439672954146,229.5185604095459,rollout,,arithmetic
36,-0.019208622487882774,0.4389595764875412,0.43768282706150785,7.157607493247112e-05,1.9996599513451967,227.85924530029297,rollout,0.4391174018383026,arithmetic
37,-0.013000784528752168,0.43809724231561026,,7.015882058642166e-05,1.973873511701698,224.99441003799438,rollout,,arithmetic
38,-0.021081580203026532,0.43735124190648395,0.4364691160735674,6.87221653578916e-05,1.9477106131238155,228.001451253891,rollout,0.4386194348335266,arithmetic
39,-0.018062913333997132,0.4378813370068868,,6.726752705214197e-05,1.9211975994326846,232.99515509605408,rollout,,arithmetic
40,-0.01958241041439275,0.43648231248060865,0.42980829649604857,6.579634122155994e-05,1.8943611669856797,227.44773316383362,rollout,0.43334928154945374,arithmetic
41,-0.009351342292502523,0.4359950174887975,,6.431005974894189e-05,1.8672283377954475,224.6252748966217,rollout,,arithmetic
42,-0.026215058285742998,0.4370069356759389,0.43166252740775235,6.281014941466034e-05,1.8398264323210314,235.14832997322083,rollout,0.4328380227088928,arithmetic
43,-0.004511951509242256,0.4356192390124003,,6.12980904491289e-05,1.8121830419584846,222.86207175254822,rollout,,arithmetic
44,-0.027676010535409055,0.43627726117769877,0.4313700233469717,5.977537507199341e-05,1.7843260012586717,235.01408767700195,rollout,0.43267619609832764,arithmetic
45,-0.008268762743100525,0.435556450287501,,5.8243506019491463e-05,1.7562833599002374,293.4480061531067,rollout,,arithmetic
46,0.001440272160495321,0.4356381897131602,0.43220409701461904,5.67039950614331e-05,1.7280833544459568,246.0864131450653,rollout,0.43297070264816284,arithmetic
47,-0.021670629847794772,0.43603084723154706,,5.515836150926649e-05,1.6997543799109098,223.3007926940918,rollout,,arithmetic
48,-0.0033888000498215358,0.4348029410839081,0.4357790382928215,5.3608130716701046e-05,1.6713249611711096,225.8015103340149,rollout,0.43313127756118774,arithmetic
49,0.006951456880196929,0.43472735742727914,,5.205483257436738e-05,1.6428237242413681,227.59345769882202,rollout,,arithmetic
50,-0.004085588057835897,0.4343075829744339,0.4369596044998616,5.050000000000003e-05,1.6142793674513272,223.14590692520142,rollout,0.4335330128669739,arithmetic
51,0.003884677831083536,0.4344003411134084,,4.894516742563268e-05,1.5857206325486728,223.89062356948853,rollout,,arithmetic
52,-0.0014184318079302708,0.4341728905836741,0.4314062229823321,4.739186928329902e-05,1.557176275758632,225.05059576034546,rollout,0.4333252012729645,arithmetic
53,-0.00644476837789019,0.43367017606894176,,4.584163849073357e-05,1.52867503882889,226.0050826072693,rollout,,arithmetic
54,-0.01565414578343431,0.43357642690340675,0.4303334610303864,4.429600493856697e-05,1.5002456200890901,227.07831239700317,rollout,0.43328800797462463,arithmetic
55,-0.006179786771535873,0.43358932753403984,,4.275649398050859e-05,1.4719166455540433,220.8499813079834,rollout,,arithmetic
56,-0.0022910636694480975,0.4334010322888692,0.43070992451976053,4.122462492800665e-05,1.4437166400997627,224.08335733413696,rollout,0.4325592815876007,arithmetic
57,-0.008703972230044503,0.43333571473757426,,3.9701909550871175e-05,1.4156739987413285,224.03973937034607,rollout,,arithmetic
58,-0.0003414292990540465,0.4329861758152644,0.4325313238077797,3.81898505853397e-05,1.3878169580415154,223.93574595451355,rollout,0.4324159026145935,arithmetic
59,-0.00091279872537901,0.43340638836224876,,3.668994025105817e-05,1.3601735676789686,222.58005023002625,rollout,,arithmetic
60,-0.0017125219261894624,0.433001233736674,0.4330157511285506,3.520365877844013e-05,1.332771662204553,224.52738428115845,rollout,0.43247511982917786,arithmetic
61,-0.0034691910662998757,0.43243742823600767,,3.373247294785809e-05,1.3056388330143205,222.04936480522156,rollout,,arithmetic
62,0.002872440414503217,0.43294929126898446,0.42897763778455555,3.227783464210847e-05,1.2788024005673155,223.80101609230042,rollout,0.43219083547592163,arithmetic
63,-0.0017056827216098706,0.43300187508265175,,3.0841179413578366e-05,1.2522893868761842,221.21996068954468,rollout,,arithmetic
64,-0.007038926783328255,0.43292175730069477,0.43610844982322305,2.9423925067528915e-05,1.2261264882983023,223.67125272750854,rollout,0.4318605363368988,arithmetic
65,0.00046326473200072844,0.4327591061592102,,2.8027470262892447e-05,1.2003400486548033,222.74297523498535,rollout,,arithmetic
66,0.003941606579658885,0.4319828949371974,0.42549318925011903,2.6653193131965096e-05,1.1749560327045856,222.78834080696106,rollout,0.4322490692138672,arithmetic
67,-0.0060919722200681765,0.4317034109433492,,2.530244992035663e-05,1.1500000000000001,221.62123346328735,rollout,,arithmetic
68,0.0011544662977879246,0.43179837803045906,0.431187835871242,2.3976573648539666e-05,1.1254970791505476,243.27323579788208,rollout,0.43231868743896484,arithmetic
69,-0.0025692664296366272,0.43191710432370506,,2.2676872796319543e-05,1.1014719425205008,221.68945980072021,rollout,,arithmetic
70,-0.0014369183119075993,0.431818052927653,0.43076279424712993,2.1404630011522596e-05,1.0779487813859217,224.07023000717163,rollout,0.4327486753463745,arithmetic
71,-0.001749143733177334,0.4318736038605372,,2.016110084417767e-05,1.0549512815761002,224.29433870315552,rollout,,arithmetic
72,0.0023434784154718123,0.4312817605336507,0.42443969935993664,1.894751250743987e-05,1.03250259962393,223.78702521324158,rollout,0.4328587055206299,arithmetic
73,0.00037895772295693555,0.4311652606725693,,1.776506266647925e-05,1.0106253394492435,220.9679410457611,rollout,,arithmetic
74,0.0006854222117302319,0.43130146483580273,0.42698360834037885,1.661491825652992e-05,0.9893415295985811,223.17269468307495,rollout,0.43029117584228516,arithmetic
75,0.0061450520677802465,0.4306703325112661,,1.549821433126591e-05,0.9686726010643107,223.96986556053162,rollout,,arithmetic
76,0.0009854236400375764,0.4308080134789149,0.4226847618992906,1.4416052942640147e-05,0.9486393657054368,223.17193484306335,rollout,0.4301702380180359,arithmetic
77,0.0019731372346480686,0.4305136247475942,,1.3369502053292257e-05,0.9292619952918207,222.53840351104736,rollout,,arithmetic
78,0.003051246245546887,0.4306046466032664,0.4311435309355147,1.2359594482598444e-05,0.9105600011929198,223.35208439826965,rollout,0.43045780062675476,arithmetic
79,0.005112986812600866,0.4301635313034058,,1.1387326887403332e-05,0.8925522147314914,223.45558166503906,rollout,,arithmetic
80,0.007409898815288519,0.4298543272415797,0.42878680321155116,1.0453658778440112e-05,0.8752567682220472,227.02499508857727,rollout,0.4306284487247467,arithmetic
81,0.004363284367136657,0.43034616430600486,,9.5595115734092e-06,0.8586910767131506,224.97217512130737,rollout,,arithmetic
82,0.004319075904398536,0.43005281964937847,0.42724061451735906,8.70576768765027e-06,0.8428718204519368,224.8748471736908,rollout,0.43045344948768616,arithmetic
83,0.007403021395051231,0.4302247335513433,,7.893269663304789e-06,0.8278149280885206,222.51012182235718,rollout,,arithmetic
84,0.002294714405822257,0.4301133859157562,0.42905552513548173,7.1228193378287565e-06,0.8135355606371935,223.13579773902893,rollout,0.4307618737220764,arithmetic
85,0.010006330266284447,0.42993033786614737,,6.395177052675798e-06,0.8000480962105689,221.09457206726074,rollout,,arithmetic
86,0.002184536433778703,0.4301866634686788,0.4294782869401388,5.711060902932045e-06,0.7873661155420411,223.01917362213135,rollout,0.4309931695461273,arithmetic
87,-0.0016627294830201815,0.42942417482535045,,5.071146028642947e-06,0.7755023883111374,222.20727252960205,rollout,,arithmetic
88,0.007629348256159574,0.4297926445802053,0.4262871901737526,4.476063948531561e-06,0.7644688602855346,223.0311906337738,rollout,0.43123936653137207,arithmetic
89,0.000755431578339388,0.4293784620364507,,3.926401936765843e-06,0.7542766412926825,222.47667241096497,rollout,,arithmetic
90,0.0066856759468403954,0.4290773965915044,0.42666629364248365,3.4227024433899027e-06,0.7449359940331491,223.8940076828003,rollout,0.43108710646629333,arithmetic
91,0.007324982177621375,0.4294044611851374,,2.9654625589913256e-06,0.7364563237469525,221.5660536289215,rollout,,arithmetic
92,0.001766840199707076,0.429346488515536,0.42337541966116987,2.5551335241327686e-06,0.7288461687432793,223.37974953651428,rollout,0.43116405606269836,arithmetic
93,0.004812305284237178,0.42918905238310495,,2.1921202840320086e-06,0.7221131918031336,222.01079869270325,rollout,,arithmetic
94,0.004461873493079717,0.42975868622461955,0.4272529539302923,1.8767810889299092e-06,0.7162641724635639,222.79527950286865,rollout,0.4306814968585968,arithmetic
95,0.004068850742187351,0.42943846583366396,,1.6094271405406865e-06,0.7113050001912451,223.29141879081726,rollout,,arithmetic
96,0.0044452339872562635,0.4290682111183802,0.4259705088334158,1.3903222849333511e-06,0.7072406684522842,223.75804710388184,rollout,0.43052223324775696,arithmetic
97,0.006224797787144781,0.42940407852331797,,1.2196827521475405e-06,0.7040752696842238,221.14554500579834,rollout,,arithmetic
98,0.008389829669807418,0.42971308251221974,0.4253685400763061,1.097676942800558e-06,0.701811991175304,230.09252762794495,rollout,0.430486798286438,arithmetic
99,0.004180190863165383,0.4294002425670624,,1.0244252618962857e-06,0.7004531118551334,298.12690353393555,rollout,,arithmetic
100,0.004852502738746504,0.42968418399492897,0.4242900459212251,1e-06,0.7,295.0610046386719,rollout,0.42880740761756897,arithmetic
