n_customers,solver,instance_id,status,time,cpc
5,exact_milp,1,success,0.05961275100708008,0.5239620012691182
5,exact_ortools_vrp,1,success,0.011648178100585938,0.5239620012691182
5,heuristic_or,1,success,0.01749253273010254,0.5239620012691181
5,exact_milp,2,success,0.11898684501647949,0.46030530113514445
5,exact_ortools_vrp,2,success,0.01041269302368164,0.46030530113514445
5,heuristic_or,2,success,0.026703357696533203,0.46030530113514445
5,exact_milp,3,success,0.04531383514404297,0.45184524076965105
5,exact_ortools_vrp,3,success,0.017073392868041992,0.45184524076965105
5,heuristic_or,3,success,0.02912116050720215,0.4518452407696511
5,exact_milp,4,success,0.5477089881896973,0.6304890450552294
5,exact_ortools_vrp,4,success,0.04702019691467285,0.6304890450552294
5,heuristic_or,4,success,0.02679586410522461,0.6304890450552293
5,exact_milp,5,success,0.03720498085021973,0.48534035269898756
5,exact_ortools_vrp,5,success,0.006594657897949219,0.48534035269898756
5,heuristic_or,5,success,0.032187700271606445,0.4853403526989875
5,exact_milp,6,success,0.06541919708251953,0.33134399366913664
5,exact_ortools_vrp,6,success,0.05056262016296387,0.33134399366913664
5,heuristic_or,6,success,0.059807777404785156,0.3313439936691366
5,exact_milp,7,success,0.11260700225830078,0.5210200437722177
5,exact_ortools_vrp,7,success,0.025751352310180664,0.5210200437722177
5,heuristic_or,7,success,0.030439138412475586,0.5210200437722177
5,exact_milp,8,success,0.14740514755249023,0.34364813771738206
5,exact_ortools_vrp,8,success,0.0048406124114990234,0.34364813771738206
5,heuristic_or,8,success,0.034593820571899414,0.3436481377173821
5,exact_milp,9,success,0.14903497695922852,0.41839390410429206
5,exact_ortools_vrp,9,success,0.01889324188232422,0.41839390410429206
5,heuristic_or,9,success,0.035604238510131836,0.41839390410429206
5,exact_milp,10,success,0.08272910118103027,0.5307551797231198
5,exact_ortools_vrp,10,success,0.01208353042602539,0.5307551797231198
5,heuristic_or,10,success,0.050293922424316406,0.5307551797231198
5,exact_milp,11,success,0.09833216667175293,0.39725659611022
5,exact_ortools_vrp,11,success,0.007127523422241211,0.39725659611022
5,heuristic_or,11,success,0.0240633487701416,0.39725659611022
5,exact_milp,12,success,0.12880921363830566,0.494830403469711
5,exact_ortools_vrp,12,success,0.017911434173583984,0.494830403469711
5,heuristic_or,12,success,0.05026984214782715,0.49483040346971113
5,exact_milp,13,success,0.09592962265014648,0.5864691084249521
5,exact_ortools_vrp,13,success,0.009572267532348633,0.5864691084249521
5,heuristic_or,13,success,0.023102283477783203,0.5864691084249521
5,exact_milp,14,success,0.11374473571777344,0.5839330279792609
5,exact_ortools_vrp,14,success,0.010894060134887695,0.5839330279792609
5,heuristic_or,14,success,0.042886972427368164,0.5839330279792609
5,exact_milp,15,success,0.09097003936767578,0.4254576851194388
5,exact_ortools_vrp,15,success,0.006871938705444336,0.4254576851194388
5,heuristic_or,15,success,0.03800678253173828,0.4254576851194389
5,exact_milp,16,success,0.15961909294128418,0.607027179400623
5,exact_ortools_vrp,16,success,0.022413969039916992,0.607027179400623
5,heuristic_or,16,success,0.026462078094482422,0.607027179400623
5,exact_milp,17,success,0.14108014106750488,0.49083063497741186
5,exact_ortools_vrp,17,success,0.033795833587646484,0.49083063497741186
5,heuristic_or,17,success,0.021574020385742188,0.49083063497741186
5,exact_milp,18,success,0.015755176544189453,0.6112404660284774
5,exact_ortools_vrp,18,success,0.00648188591003418,0.6112404660284774
5,heuristic_or,18,success,0.035306692123413086,0.6112404660284774
5,exact_milp,19,success,0.06690859794616699,0.4152121984479389
5,exact_ortools_vrp,19,success,0.04274868965148926,0.4152121984479389
5,heuristic_or,19,success,0.02486562728881836,0.4152121984479389
5,exact_milp,20,success,0.12946295738220215,0.33871169795186906
5,exact_ortools_vrp,20,success,0.005638837814331055,0.33871169795186906
5,heuristic_or,20,success,0.02919173240661621,0.33871169795186906
5,exact_milp,21,success,0.023787498474121094,0.5181776142749068
5,exact_ortools_vrp,21,success,0.027306556701660156,0.5181776142749068
5,heuristic_or,21,success,0.033448219299316406,0.5181776142749068
5,exact_milp,22,success,0.17492198944091797,0.42586849078143274
5,exact_ortools_vrp,22,success,0.015209674835205078,0.42586849078143274
5,heuristic_or,22,success,0.022521495819091797,0.42586849078143274
5,exact_milp,23,success,0.19515419006347656,0.5000923295017361
5,exact_ortools_vrp,23,success,0.022101163864135742,0.500092329501736
5,heuristic_or,23,success,0.031107425689697266,0.500092329501736
5,exact_milp,24,success,0.16160345077514648,0.41927869131793205
5,exact_ortools_vrp,24,success,0.02654123306274414,0.41927869131793194
5,heuristic_or,24,success,0.05080056190490723,0.41927869131793205
5,exact_milp,25,success,0.09250020980834961,0.44928851610742565
5,exact_ortools_vrp,25,success,0.02327275276184082,0.44928851610742565
5,heuristic_or,25,success,0.037436485290527344,0.44928851610742554
5,exact_milp,26,success,0.1760709285736084,0.5836208563450832
5,exact_ortools_vrp,26,success,0.03502082824707031,0.5836208563450832
5,heuristic_or,26,success,0.04549002647399902,0.5836208563450832
5,exact_milp,27,success,0.1153266429901123,0.4266876672861167
5,exact_ortools_vrp,27,success,0.012233495712280273,0.4266876672861167
5,heuristic_or,27,success,0.04707026481628418,0.4266876672861167
5,exact_milp,28,success,0.11496758460998535,0.4986615921424402
5,exact_ortools_vrp,28,success,0.024021387100219727,0.4986615921424402
5,heuristic_or,28,success,0.04389047622680664,0.4986615921424402
5,exact_milp,29,success,0.20892119407653809,0.5283632862048019
5,exact_ortools_vrp,29,success,0.01313161849975586,0.5283632862048019
5,heuristic_or,29,success,0.05644822120666504,0.5283632862048019
5,exact_milp,30,success,0.24100184440612793,0.5904602281906194
5,exact_ortools_vrp,30,success,0.039250850677490234,0.5904602281906195
5,heuristic_or,30,success,0.050054311752319336,0.5904602281906194
5,exact_milp,31,success,0.4749784469604492,0.5478648676266332
5,exact_ortools_vrp,31,success,0.04984235763549805,0.5478648676266332
5,heuristic_or,31,success,0.026040077209472656,0.5478648676266332
5,exact_milp,32,success,0.1964430809020996,0.5810711062455469
5,exact_ortools_vrp,32,success,0.011529922485351562,0.5810711062455469
5,heuristic_or,32,success,0.060770273208618164,0.5810711062455469
5,exact_milp,33,success,0.16750884056091309,0.45788029687129256
5,exact_ortools_vrp,33,success,0.02028965950012207,0.45788029687129245
5,heuristic_or,33,success,0.03136754035949707,0.45788029687129256
5,exact_milp,34,success,0.2642683982849121,0.4104840834109365
5,exact_ortools_vrp,34,success,0.03779172897338867,0.4104840834109365
5,heuristic_or,34,success,0.021266937255859375,0.4104840834109365
5,exact_milp,35,success,0.27132630348205566,0.6724165649075101
5,exact_ortools_vrp,35,success,0.11752629280090332,0.6724165649075101
5,heuristic_or,35,success,0.030898332595825195,0.6724165649075101
5,exact_milp,36,success,0.09380722045898438,0.4531370187218763
5,exact_ortools_vrp,36,success,0.014249324798583984,0.4531370187218763
5,heuristic_or,36,success,0.03804492950439453,0.4531370187218763
5,exact_milp,37,success,0.43967175483703613,0.6806266942395885
5,exact_ortools_vrp,37,success,0.034125328063964844,0.6806266942395887
5,heuristic_or,37,success,0.039701223373413086,0.6806266942395885
5,exact_milp,38,success,0.026968002319335938,0.39018242117016955
5,exact_ortools_vrp,38,success,0.012913227081298828,0.3901824211701696
5,heuristic_or,38,success,0.05646681785583496,0.39018242117016966
5,exact_milp,39,success,0.1174168586730957,0.46260109139240535
5,exact_ortools_vrp,39,success,0.012037515640258789,0.46260109139240535
5,heuristic_or,39,success,0.0250241756439209,0.46260109139240535
5,exact_milp,40,success,0.19295883178710938,0.34447957781472577
5,exact_ortools_vrp,40,success,0.005118131637573242,0.34447957781472577
5,heuristic_or,40,success,0.03810739517211914,0.3444795778147257
5,exact_milp,41,success,0.09005284309387207,0.45144090987483576
5,exact_ortools_vrp,41,success,0.029205322265625,0.45144090987483576
5,heuristic_or,41,success,0.0353693962097168,0.4514409098748359
5,exact_milp,42,success,0.21141695976257324,0.4186551283985981
5,exact_ortools_vrp,42,success,0.022452354431152344,0.4186551283985981
5,heuristic_or,42,success,0.044805049896240234,0.4186551283985982
5,exact_milp,43,success,0.22689509391784668,0.5524907995686301
5,exact_ortools_vrp,43,success,0.02973318099975586,0.5524907995686301
5,heuristic_or,43,success,0.02137303352355957,0.5524907995686302
5,exact_milp,44,success,0.01536417007446289,0.4727128694378437
5,exact_ortools_vrp,44,success,0.016705036163330078,0.47271286943784363
5,heuristic_or,44,success,0.04191160202026367,0.4727128694378437
5,exact_milp,45,success,0.0744779109954834,0.4982760494565667
5,exact_ortools_vrp,45,success,0.018306255340576172,0.4982760494565667
5,heuristic_or,45,success,0.04305410385131836,0.49827604945656667
5,exact_milp,46,success,0.14574170112609863,0.4148112430718564
5,exact_ortools_vrp,46,success,0.010532379150390625,0.4148112430718564
5,heuristic_or,46,success,0.028841733932495117,0.4148112430718564
5,exact_milp,47,success,0.16717147827148438,0.46087636937465826
5,exact_ortools_vrp,47,success,0.012027740478515625,0.46087636937465826
5,heuristic_or,47,success,0.03642559051513672,0.46087636937465815
5,exact_milp,48,success,0.13566350936889648,0.5279369582960037
5,exact_ortools_vrp,48,success,0.00804281234741211,0.5279369582960037
5,heuristic_or,48,success,0.0354917049407959,0.5279369582960038
5,exact_milp,49,success,0.0584559440612793,0.4384154255273816
5,exact_ortools_vrp,49,success,0.013377666473388672,0.4384154255273816
5,heuristic_or,49,success,0.05098247528076172,0.4384154255273816
5,exact_milp,50,success,0.066192626953125,0.5304981940359562
5,exact_ortools_vrp,50,success,0.009859800338745117,0.5304981940359562
5,heuristic_or,50,success,0.03480339050292969,0.5304981940359562
5,exact_milp,51,success,0.11982369422912598,0.41854984086349745
5,exact_ortools_vrp,51,success,0.09111380577087402,0.41854984086349745
5,heuristic_or,51,success,0.03783845901489258,0.4185498408634974
5,exact_milp,52,success,0.033901214599609375,0.4748701372503934
5,exact_ortools_vrp,52,success,0.016405344009399414,0.4748701372503934
5,heuristic_or,52,success,0.04282879829406738,0.4748701372503934
5,exact_milp,53,success,0.17586493492126465,0.4452458423243829
5,exact_ortools_vrp,53,success,0.02353358268737793,0.4452458423243829
5,heuristic_or,53,success,0.043637752532958984,0.4452458423243829
5,exact_milp,54,success,0.04642534255981445,0.4349356096813022
5,exact_ortools_vrp,54,success,0.018492698669433594,0.4349356096813022
5,heuristic_or,54,success,0.04144859313964844,0.4349356096813022
5,exact_milp,55,success,0.054790496826171875,0.40173848335875384
5,exact_ortools_vrp,55,success,0.013606548309326172,0.40173848335875384
5,heuristic_or,55,success,0.059468984603881836,0.40173848335875384
5,exact_milp,56,success,0.23224186897277832,0.44817768199798425
5,exact_ortools_vrp,56,success,0.013902902603149414,0.4481776819979843
5,heuristic_or,56,success,0.037869930267333984,0.4481776819979843
5,exact_milp,57,success,0.30634379386901855,0.3918891929879309
5,exact_ortools_vrp,57,success,0.021687746047973633,0.3918891929879309
5,heuristic_or,57,success,0.03379082679748535,0.3918891929879309
5,exact_milp,58,success,0.016235828399658203,0.5086123059003776
5,exact_ortools_vrp,58,success,0.005743741989135742,0.5086123059003776
5,heuristic_or,58,success,0.06583571434020996,0.5086123059003776
5,exact_milp,59,success,0.07822394371032715,0.5011586823811374
5,exact_ortools_vrp,59,success,0.013121604919433594,0.5011586823811374
5,heuristic_or,59,success,0.03327369689941406,0.5011586823811374
5,exact_milp,60,success,0.5606374740600586,0.5763659445448359
5,exact_ortools_vrp,60,success,0.05056357383728027,0.5763659445448359
5,heuristic_or,60,success,0.03551316261291504,0.5763659445448359
5,exact_milp,61,success,0.020541906356811523,0.393779701441372
5,exact_ortools_vrp,61,success,0.05453801155090332,0.393779701441372
5,heuristic_or,61,success,0.03511810302734375,0.393779701441372
5,exact_milp,62,success,0.375612735748291,0.791228205509834
5,exact_ortools_vrp,62,success,0.04499220848083496,0.7912282055098341
5,heuristic_or,62,success,0.029441356658935547,0.7912282055098341
5,exact_milp,63,success,0.4751129150390625,0.6058257368042753
5,exact_ortools_vrp,63,success,0.03970837593078613,0.6058257368042754
5,heuristic_or,63,success,0.0231478214263916,0.6058257368042753
5,exact_milp,64,success,0.11258888244628906,0.37096544247632657
5,exact_ortools_vrp,64,success,0.03321695327758789,0.3709654424763266
5,heuristic_or,64,success,0.0516810417175293,0.37096544247632657
5,exact_milp,65,success,0.2607893943786621,0.48061185239858695
5,exact_ortools_vrp,65,success,0.030070066452026367,0.48061185239858695
5,heuristic_or,65,success,0.029704809188842773,0.48061185239858695
5,exact_milp,66,success,0.10410857200622559,0.36363119643742015
5,exact_ortools_vrp,66,success,0.03508424758911133,0.36363119643742015
5,heuristic_or,66,success,0.04840373992919922,0.36363119643742015
5,exact_milp,67,success,0.09627079963684082,0.4013759528154335
5,exact_ortools_vrp,67,success,0.016311168670654297,0.4013759528154335
5,heuristic_or,67,success,0.0389404296875,0.4013759528154335
5,exact_milp,68,success,0.16094088554382324,0.4948477180884493
5,exact_ortools_vrp,68,success,0.04011178016662598,0.4948477180884493
5,heuristic_or,68,success,0.03686165809631348,0.4948477180884493
5,exact_milp,69,success,0.025548219680786133,0.4320268860252618
5,exact_ortools_vrp,69,success,0.006929636001586914,0.4320268860252618
5,heuristic_or,69,success,0.04027533531188965,0.4320268860252618
5,exact_milp,70,success,0.18859148025512695,0.4786308283562845
5,exact_ortools_vrp,70,success,0.03670930862426758,0.4786308283562845
5,heuristic_or,70,success,0.026064157485961914,0.47863082835628445
5,exact_milp,71,success,0.06629157066345215,0.5265920970996358
5,exact_ortools_vrp,71,success,0.023529529571533203,0.5265920970996358
5,heuristic_or,71,success,0.03315091133117676,0.5265920970996358
5,exact_milp,72,success,0.1154336929321289,0.4172958817459511
5,exact_ortools_vrp,72,success,0.013872385025024414,0.4172958817459511
5,heuristic_or,72,success,0.03356337547302246,0.417295881745951
5,exact_milp,73,success,0.03311300277709961,0.42854145674872923
5,exact_ortools_vrp,73,success,0.03855538368225098,0.42854145674872923
5,heuristic_or,73,success,0.058837175369262695,0.42854145674872923
5,exact_milp,74,success,0.1751573085784912,0.41052373960124217
5,exact_ortools_vrp,74,success,0.0172274112701416,0.41052373960124217
5,heuristic_or,74,success,0.038275957107543945,0.41052373960124217
5,exact_milp,75,success,0.1249094009399414,0.5343760333566622
5,exact_ortools_vrp,75,success,0.007803201675415039,0.5343760333566622
5,heuristic_or,75,success,0.04102063179016113,0.5343760333566623
5,exact_milp,76,success,0.11887598037719727,0.4637873039460595
5,exact_ortools_vrp,76,success,0.011042356491088867,0.4637873039460595
5,heuristic_or,76,success,0.022231578826904297,0.46378730394605955
5,exact_milp,77,success,0.21955132484436035,0.5549660534361587
5,exact_ortools_vrp,77,success,0.02166604995727539,0.5549660534361587
5,heuristic_or,77,success,0.027526140213012695,0.5549660534361587
5,exact_milp,78,success,0.058007240295410156,0.4736718664214122
5,exact_ortools_vrp,78,success,0.004573822021484375,0.4736718664214122
5,heuristic_or,78,success,0.04939913749694824,0.4736718664214122
5,exact_milp,79,success,0.20072388648986816,0.38342054480683674
5,exact_ortools_vrp,79,success,0.026833295822143555,0.38342054480683674
5,heuristic_or,79,success,0.017531633377075195,0.38342054480683674
5,exact_milp,80,success,0.08173060417175293,0.36029796568349937
5,exact_ortools_vrp,80,success,0.013078689575195312,0.36029796568349937
5,heuristic_or,80,success,0.024606704711914062,0.36029796568349937
5,exact_milp,81,success,0.13804006576538086,0.4292882204801625
5,exact_ortools_vrp,81,success,0.03433823585510254,0.4292882204801625
5,heuristic_or,81,success,0.025077342987060547,0.4292882204801625
5,exact_milp,82,success,0.042562007904052734,0.5189654939157116
5,exact_ortools_vrp,82,success,0.011724233627319336,0.5189654939157115
5,heuristic_or,82,success,0.02503657341003418,0.5189654939157115
5,exact_milp,83,success,0.040869951248168945,0.46481203506985846
5,exact_ortools_vrp,83,success,0.013347864151000977,0.4648120350698585
5,heuristic_or,83,success,0.034891366958618164,0.46481203506985846
5,exact_milp,84,success,0.18042778968811035,0.5823226190090531
5,exact_ortools_vrp,84,success,0.015566587448120117,0.5823226190090531
5,heuristic_or,84,success,0.028676748275756836,0.5823226190090531
5,exact_milp,85,success,0.04292607307434082,0.5837724482236205
5,exact_ortools_vrp,85,success,0.005431413650512695,0.5837724482236204
5,heuristic_or,85,success,0.03084588050842285,0.5837724482236205
5,exact_milp,86,success,0.10918045043945312,0.4032321791578818
5,exact_ortools_vrp,86,success,0.0050334930419921875,0.4032321791578818
5,heuristic_or,86,success,0.024512529373168945,0.4032321791578818
5,exact_milp,87,success,0.017189502716064453,0.36050630687730956
5,exact_ortools_vrp,87,success,0.008667945861816406,0.36050630687730956
5,heuristic_or,87,success,0.04157733917236328,0.36050630687730956
5,exact_milp,88,success,0.06684613227844238,0.4111087699906877
5,exact_ortools_vrp,88,success,0.03535962104797363,0.4111087699906877
5,heuristic_or,88,success,0.02221059799194336,0.4111087699906876
5,exact_milp,89,success,0.0661618709564209,0.5366182331059577
5,exact_ortools_vrp,89,success,0.011949777603149414,0.5366182331059578
5,heuristic_or,89,success,0.026208162307739258,0.5366182331059578
5,exact_milp,90,success,0.12303733825683594,0.5673292547507057
5,exact_ortools_vrp,90,success,0.02419447898864746,0.5673292547507058
5,heuristic_or,90,success,0.020908832550048828,0.5673292547507058
5,exact_milp,91,success,0.15494728088378906,0.46810319524865235
5,exact_ortools_vrp,91,success,0.040717124938964844,0.46810319524865235
5,heuristic_or,91,success,0.02777838706970215,0.46810319524865235
5,exact_milp,92,success,0.049651384353637695,0.45182777901205284
5,exact_ortools_vrp,92,success,0.02155280113220215,0.45182777901205284
5,heuristic_or,92,success,0.03433394432067871,0.45182777901205295
5,exact_milp,93,success,0.050543785095214844,0.41265757510630613
5,exact_ortools_vrp,93,success,0.029254674911499023,0.41265757510630613
5,heuristic_or,93,success,0.030275583267211914,0.41265757510630624
5,exact_milp,94,success,0.03358650207519531,0.5335816803877594
5,exact_ortools_vrp,94,success,0.0399317741394043,0.5335816803877595
5,heuristic_or,94,success,0.04085850715637207,0.5335816803877594
5,exact_milp,95,success,0.044251203536987305,0.3529481446341563
5,exact_ortools_vrp,95,success,0.014417886734008789,0.35294814463415625
5,heuristic_or,95,success,0.03272843360900879,0.3529481446341563
5,exact_milp,96,success,0.14641642570495605,0.42824284503994037
5,exact_ortools_vrp,96,success,0.033190250396728516,0.42824284503994037
5,heuristic_or,96,success,0.030318737030029297,0.42824284503994037
5,exact_milp,97,success,0.45119404792785645,0.6082226437441415
5,exact_ortools_vrp,97,success,0.04995560646057129,0.6082226437441414
5,heuristic_or,97,success,0.019052982330322266,0.6082226437441414
5,exact_milp,98,success,0.06893324851989746,0.5297467717281497
5,exact_ortools_vrp,98,success,0.006320476531982422,0.5297467717281497
5,heuristic_or,98,success,0.04153609275817871,0.5297467717281497
5,exact_milp,99,success,0.21043753623962402,0.4999903905770566
5,exact_ortools_vrp,99,success,0.010190248489379883,0.4999903905770566
5,heuristic_or,99,success,0.021126985549926758,0.4999903905770565
5,exact_milp,100,success,0.14921164512634277,0.45116592043650605
5,exact_ortools_vrp,100,success,0.009005546569824219,0.45116592043650605
5,heuristic_or,100,success,0.025355815887451172,0.45116592043650605
6,exact_milp,1,success,0.28632545471191406,0.32638222259348953
6,exact_ortools_vrp,1,success,0.0866234302520752,0.32638222259348953
6,heuristic_or,1,success,0.043853044509887695,0.3264714169382121
6,exact_milp,2,success,0.19889593124389648,0.27515707160516895
6,exact_ortools_vrp,2,success,0.028130292892456055,0.27515707160516895
6,heuristic_or,2,success,0.03648233413696289,0.2751570716051689
6,exact_milp,3,success,0.05509448051452637,0.4236943727565005
6,exact_ortools_vrp,3,success,0.05870366096496582,0.4236943727565005
6,heuristic_or,3,success,0.04966855049133301,0.42369437275650057
6,exact_milp,4,success,0.36106300354003906,0.42939882301023496
6,exact_ortools_vrp,4,success,0.05945920944213867,0.42939882301023496
6,heuristic_or,4,success,0.04261350631713867,0.42939882301023485
6,exact_milp,5,success,0.19649958610534668,0.3850526625700494
6,exact_ortools_vrp,5,success,0.29937243461608887,0.38505266257004944
6,heuristic_or,5,success,0.032114505767822266,0.3850526625700494
6,exact_milp,6,success,0.3911914825439453,0.3895552831236408
6,exact_ortools_vrp,6,success,0.015107870101928711,0.3895552831236408
6,heuristic_or,6,success,0.03359174728393555,0.3895552831236408
6,exact_milp,7,success,0.17673873901367188,0.36531612060797086
6,exact_ortools_vrp,7,success,0.028255701065063477,0.36531612060797086
6,heuristic_or,7,success,0.0339202880859375,0.36531612060797086
6,exact_milp,8,success,0.8145380020141602,0.5162499272600413
6,exact_ortools_vrp,8,success,0.5028340816497803,0.5162499272600413
6,heuristic_or,8,success,0.06674766540527344,0.5162499272600413
6,exact_milp,9,success,2.237679958343506,0.7875231050971031
6,exact_ortools_vrp,9,success,0.32190370559692383,0.7875231050971031
6,heuristic_or,9,success,0.02844834327697754,0.7875231050971029
6,exact_milp,10,success,0.17792224884033203,0.4681488294815865
6,exact_ortools_vrp,10,success,0.04159188270568848,0.4681488294815865
6,heuristic_or,10,success,0.027311086654663086,0.4681488294815865
6,exact_milp,11,success,1.630070447921753,0.44799851540145924
6,exact_ortools_vrp,11,success,0.18505287170410156,0.4479985154014592
6,heuristic_or,11,success,0.05859971046447754,0.4479985154014592
6,exact_milp,12,success,1.1406714916229248,0.5997993340296022
6,exact_ortools_vrp,12,success,0.4735076427459717,0.5997993340296021
6,heuristic_or,12,success,0.0476992130279541,0.5997993340296021
6,exact_milp,13,success,0.27947258949279785,0.5463307374851444
6,exact_ortools_vrp,13,success,0.17020678520202637,0.5463307374851444
6,heuristic_or,13,success,0.03134036064147949,0.5463307374851444
6,exact_milp,14,success,0.6347503662109375,0.4410758460053303
6,exact_ortools_vrp,14,success,0.21077585220336914,0.44107584600533034
6,heuristic_or,14,success,0.030718326568603516,0.4410758460053302
6,exact_milp,15,success,0.10086584091186523,0.46881212515294024
6,exact_ortools_vrp,15,success,0.009097576141357422,0.46881212515294024
6,heuristic_or,15,success,0.0323486328125,0.46881212515294024
6,exact_milp,16,success,0.1091761589050293,0.37491773425413916
6,exact_ortools_vrp,16,success,0.023616552352905273,0.37491773425413916
6,heuristic_or,16,success,0.03919696807861328,0.3749177342541392
6,exact_milp,17,success,1.4378101825714111,0.5635912913847886
6,exact_ortools_vrp,17,success,0.13112783432006836,0.5635912913847886
6,heuristic_or,17,success,0.03490185737609863,0.5635912913847886
6,exact_milp,18,success,0.2699742317199707,0.3849525458212339
6,exact_ortools_vrp,18,success,0.08158588409423828,0.3849525458212339
6,heuristic_or,18,success,0.021842479705810547,0.3849525458212339
6,exact_milp,19,success,0.21542906761169434,0.4701306669345782
6,exact_ortools_vrp,19,success,0.06632304191589355,0.47013066693457833
6,heuristic_or,19,success,0.043891191482543945,0.47013066693457833
6,exact_milp,20,success,1.8284366130828857,0.5099804666433193
6,exact_ortools_vrp,20,success,0.626335620880127,0.5099804666433193
6,heuristic_or,20,success,0.06490921974182129,0.5099804666433193
6,exact_milp,21,success,0.28094005584716797,0.4894457278142738
6,exact_ortools_vrp,21,success,0.15595245361328125,0.4894457278142738
6,heuristic_or,21,success,0.040524959564208984,0.4894457278142738
6,exact_milp,22,success,0.2163233757019043,0.3423408218302441
6,exact_ortools_vrp,22,success,0.03547954559326172,0.3423408218302441
6,heuristic_or,22,success,0.03579401969909668,0.3423408218302441
6,exact_milp,23,success,0.31209301948547363,0.4612058748010744
6,exact_ortools_vrp,23,success,0.32497572898864746,0.4612058748010744
6,heuristic_or,23,success,0.0442805290222168,0.46120587480107433
6,exact_milp,24,success,0.43747830390930176,0.5638295986461042
6,exact_ortools_vrp,24,success,0.13400697708129883,0.563829598646104
6,heuristic_or,24,success,0.04055142402648926,0.5638295986461042
6,exact_milp,25,success,0.7901136875152588,0.4244273411528723
6,exact_ortools_vrp,25,success,0.2123274803161621,0.4244273411528723
6,heuristic_or,25,success,0.038645029067993164,0.4244273411528723
6,exact_milp,26,success,0.2943148612976074,0.3676946569972086
6,exact_ortools_vrp,26,success,0.33762526512145996,0.3676946569972086
6,heuristic_or,26,success,0.044310808181762695,0.36769465699720855
6,exact_milp,27,success,2.7005233764648438,0.4155694711271631
6,exact_ortools_vrp,27,success,0.35902929306030273,0.4155694711271631
6,heuristic_or,27,success,0.05358123779296875,0.41556947112716314
6,exact_milp,28,success,0.18227624893188477,0.359140795818695
6,exact_ortools_vrp,28,success,0.04073286056518555,0.359140795818695
6,heuristic_or,28,success,0.06861305236816406,0.359140795818695
6,exact_milp,29,success,1.7414135932922363,0.5716358290160432
6,exact_ortools_vrp,29,success,0.32471275329589844,0.5716358290160432
6,heuristic_or,29,success,0.03820514678955078,0.5716358290160432
6,exact_milp,30,success,0.2803530693054199,0.4541091889387563
6,exact_ortools_vrp,30,success,0.2643246650695801,0.45410918893875624
6,heuristic_or,30,success,0.02971172332763672,0.4541091889387563
6,exact_milp,31,success,0.35167813301086426,0.44542198763816415
6,exact_ortools_vrp,31,success,0.0720822811126709,0.44542198763816415
6,heuristic_or,31,success,0.04266524314880371,0.44542198763816404
6,exact_milp,32,success,0.2829618453979492,0.48678236893478716
6,exact_ortools_vrp,32,success,0.031220436096191406,0.48678236893478716
6,heuristic_or,32,success,0.05037879943847656,0.48678236893478716
6,exact_milp,33,success,0.2541465759277344,0.4073307095502267
6,exact_ortools_vrp,33,success,0.193223237991333,0.4073307095502267
6,heuristic_or,33,success,0.041185617446899414,0.4073307095502267
6,exact_milp,34,success,0.01596856117248535,0.4181811495791521
6,exact_ortools_vrp,34,success,0.044829368591308594,0.4181811495791521
6,heuristic_or,34,success,0.035590171813964844,0.4181811495791521
6,exact_milp,35,success,1.6282570362091064,0.5232553353137231
6,exact_ortools_vrp,35,success,0.3016238212585449,0.5232553353137231
6,heuristic_or,35,success,0.0450587272644043,0.5232553353137231
6,exact_milp,36,success,2.099684000015259,0.6349307311290873
6,exact_ortools_vrp,36,success,0.688176155090332,0.6349307311290873
6,heuristic_or,36,success,0.06276893615722656,0.6349307311290873
6,exact_milp,37,success,0.1425631046295166,0.4115874455512459
6,exact_ortools_vrp,37,success,0.016448020935058594,0.4115874455512459
6,heuristic_or,37,success,0.07133340835571289,0.4115874455512459
6,exact_milp,38,success,0.8926289081573486,0.4278607375491236
6,exact_ortools_vrp,38,success,0.25540661811828613,0.4278607375491236
6,heuristic_or,38,success,0.04009604454040527,0.4278607375491236
6,exact_milp,39,success,0.20746803283691406,0.35156826319782103
6,exact_ortools_vrp,39,success,0.09285306930541992,0.35156826319782103
6,heuristic_or,39,success,0.03772902488708496,0.3515682631978209
6,exact_milp,40,success,0.051728248596191406,0.36294429362366465
6,exact_ortools_vrp,40,success,0.035718441009521484,0.3629442936236646
6,heuristic_or,40,success,0.03280901908874512,0.3629442936236646
6,exact_milp,41,success,0.19524049758911133,0.3889894371820903
6,exact_ortools_vrp,41,success,0.11687135696411133,0.3889894371820903
6,heuristic_or,41,success,0.04476165771484375,0.3889894371820903
6,exact_milp,42,success,0.01951909065246582,0.335335482776403
6,exact_ortools_vrp,42,success,0.10351824760437012,0.335335482776403
6,heuristic_or,42,success,0.03787636756896973,0.335335482776403
6,exact_milp,43,success,0.14864420890808105,0.40276098735634663
6,exact_ortools_vrp,43,success,0.05532121658325195,0.40276098735634663
6,heuristic_or,43,success,0.04060816764831543,0.4027609873563467
6,exact_milp,44,success,0.09251165390014648,0.47537465675651136
6,exact_ortools_vrp,44,success,0.07877421379089355,0.47537465675651136
6,heuristic_or,44,success,0.03920626640319824,0.47537465675651136
6,exact_milp,45,success,0.24603581428527832,0.48078774073701136
6,exact_ortools_vrp,45,success,0.3992044925689697,0.48078774073701136
6,heuristic_or,45,success,0.04853677749633789,0.48078774073701136
6,exact_milp,46,success,0.5073306560516357,0.513800433139708
6,exact_ortools_vrp,46,success,0.3631625175476074,0.513800433139708
6,heuristic_or,46,success,0.04448652267456055,0.513800433139708
6,exact_milp,47,success,2.472987174987793,0.4865964076687462
6,exact_ortools_vrp,47,success,0.44114089012145996,0.4865964076687462
6,heuristic_or,47,success,0.0593564510345459,0.4865964076687462
6,exact_milp,48,success,1.0648689270019531,0.5456344055883476
6,exact_ortools_vrp,48,success,0.2005290985107422,0.5456344055883476
6,heuristic_or,48,success,0.0347597599029541,0.5456344055883475
6,exact_milp,49,success,1.7026424407958984,0.7798993813320453
6,exact_ortools_vrp,49,success,0.21778321266174316,0.7798993813320453
6,heuristic_or,49,success,0.03246617317199707,0.7798993813320451
6,exact_milp,50,success,0.9489865303039551,0.5371743092778783
6,exact_ortools_vrp,50,success,0.12034058570861816,0.5371743092778783
6,heuristic_or,50,success,0.03417229652404785,0.5371743092778782
6,exact_milp,51,success,0.7897841930389404,0.5860936333615273
6,exact_ortools_vrp,51,success,0.08663392066955566,0.5860936333615273
6,heuristic_or,51,success,0.039675235748291016,0.5860936333615273
6,exact_milp,52,success,2.6298468112945557,0.6472209374983439
6,exact_ortools_vrp,52,success,0.5881762504577637,0.6472209374983438
6,heuristic_or,52,success,0.04626178741455078,0.6472209374983438
6,exact_milp,53,success,0.6237342357635498,0.5336887304066616
6,exact_ortools_vrp,53,success,0.19675111770629883,0.5336887304066616
6,heuristic_or,53,success,0.037708282470703125,0.5336887304066616
6,exact_milp,54,success,2.030944585800171,0.5744347731885835
6,exact_ortools_vrp,54,success,0.3969097137451172,0.5744347731885834
6,heuristic_or,54,success,0.03710174560546875,0.5744347731885834
6,exact_milp,55,success,0.2465977668762207,0.37753392929432045
6,exact_ortools_vrp,55,success,0.20295929908752441,0.37753392929432034
6,heuristic_or,55,success,0.08959293365478516,0.37753392929432045
6,exact_milp,56,success,0.8725745677947998,0.41827501919771204
6,exact_ortools_vrp,56,success,0.18492364883422852,0.41827501919771204
6,heuristic_or,56,success,0.08730292320251465,0.4182750191977121
6,exact_milp,57,success,2.1450464725494385,0.45760195326979414
6,exact_ortools_vrp,57,success,0.2978379726409912,0.45760195326979414
6,heuristic_or,57,success,0.045302391052246094,0.45760195326979414
6,exact_milp,58,success,0.11082005500793457,0.34288683158031524
6,exact_ortools_vrp,58,success,0.023799657821655273,0.34288683158031524
6,heuristic_or,58,success,0.03177309036254883,0.3428868315803153
6,exact_milp,59,success,1.1146867275238037,0.4868442000591518
6,exact_ortools_vrp,59,success,0.28278636932373047,0.4868442000591518
6,heuristic_or,59,success,0.038631439208984375,0.4868442000591517
6,exact_milp,60,success,1.3359267711639404,0.611562443060586
6,exact_ortools_vrp,60,success,0.22911429405212402,0.611562443060586
6,heuristic_or,60,success,0.0353846549987793,0.611562443060586
6,exact_milp,61,success,0.13827872276306152,0.3103195156304549
6,exact_ortools_vrp,61,success,0.01512289047241211,0.31031951563045485
6,heuristic_or,61,success,0.03426098823547363,0.31031951563045485
6,exact_milp,62,success,0.0605471134185791,0.42390325968184656
6,exact_ortools_vrp,62,success,0.01363682746887207,0.42390325968184656
6,heuristic_or,62,success,0.03897905349731445,0.42390325968184656
6,exact_milp,63,success,0.30353379249572754,0.5026602710545961
6,exact_ortools_vrp,63,success,0.037659406661987305,0.5026602710545961
6,heuristic_or,63,success,0.026568174362182617,0.5026602710545961
6,exact_milp,64,success,0.42313289642333984,0.41420369357036496
6,exact_ortools_vrp,64,success,0.10261750221252441,0.41420369357036496
6,heuristic_or,64,success,0.03324556350708008,0.414203693570365
6,exact_milp,65,success,2.9035592079162598,0.5192118159860535
6,exact_ortools_vrp,65,success,0.43549537658691406,0.5192118159860534
6,heuristic_or,65,success,0.0355377197265625,0.5192118159860534
6,exact_milp,66,success,0.13856291770935059,0.38861341483980366
6,exact_ortools_vrp,66,success,0.2641627788543701,0.38861341483980366
6,heuristic_or,66,success,0.04031848907470703,0.38861341483980366
6,exact_milp,67,success,0.9204425811767578,0.42972560581733393
6,exact_ortools_vrp,67,success,0.13321781158447266,0.42972560581733393
6,heuristic_or,67,success,0.039295196533203125,0.4297256058173338
6,exact_milp,68,success,0.16300249099731445,0.44076057462597246
6,exact_ortools_vrp,68,success,0.017958402633666992,0.44076057462597246
6,heuristic_or,68,success,0.057192325592041016,0.44076057462597246
6,exact_milp,69,success,0.8517866134643555,0.43135062121926815
6,exact_ortools_vrp,69,success,0.2380521297454834,0.43135062121926815
6,heuristic_or,69,success,0.04756641387939453,0.43135062121926815
6,exact_milp,70,success,0.020139455795288086,0.3940442174241769
6,exact_ortools_vrp,70,success,0.013590097427368164,0.3940442174241769
6,heuristic_or,70,success,0.04197359085083008,0.3940442174241769
6,exact_milp,71,success,0.6465075016021729,0.4864265203362097
6,exact_ortools_vrp,71,success,0.3269317150115967,0.4864265203362097
6,heuristic_or,71,success,0.04951834678649902,0.4864265203362097
6,exact_milp,72,success,0.42836666107177734,0.5562144725258316
6,exact_ortools_vrp,72,success,0.09178662300109863,0.5562144725258316
6,heuristic_or,72,success,0.053750038146972656,0.5562144725258317
6,exact_milp,73,success,0.09230375289916992,0.454783957316051
6,exact_ortools_vrp,73,success,0.04293227195739746,0.45478395731605104
6,heuristic_or,73,success,0.061336517333984375,0.454783957316051
6,exact_milp,74,success,0.023336410522460938,0.4928525392344862
6,exact_ortools_vrp,74,success,0.040381431579589844,0.4928525392344862
6,heuristic_or,74,success,0.07256913185119629,0.4928525392344862
6,exact_milp,75,success,1.7231485843658447,0.5685760965398458
6,exact_ortools_vrp,75,success,0.29317760467529297,0.5685760965398456
6,heuristic_or,75,success,0.04815173149108887,0.5685760965398456
6,exact_milp,76,success,0.3732917308807373,0.5241687844585987
6,exact_ortools_vrp,76,success,0.15433931350708008,0.5241687844585987
6,heuristic_or,76,success,0.04104185104370117,0.5241687844585987
6,exact_milp,77,success,0.10126471519470215,0.3821852476104755
6,exact_ortools_vrp,77,success,0.026470661163330078,0.3821852476104755
6,heuristic_or,77,success,0.03845834732055664,0.3821852476104755
6,exact_milp,78,success,0.028920412063598633,0.37644281088434467
6,exact_ortools_vrp,78,success,0.056189775466918945,0.37644281088434467
6,heuristic_or,78,success,0.04326176643371582,0.37644281088434467
6,exact_milp,79,success,2.153240203857422,0.6177200178905567
6,exact_ortools_vrp,79,success,0.44328808784484863,0.6177200178905569
6,heuristic_or,79,success,0.05777931213378906,0.6177200178905567
6,exact_milp,80,success,1.8128345012664795,0.5381740709496124
6,exact_ortools_vrp,80,success,0.7372825145721436,0.5381740709496124
6,heuristic_or,80,success,0.059220314025878906,0.5381740709496126
6,exact_milp,81,success,2.5276381969451904,0.44090323466113907
6,exact_ortools_vrp,81,success,0.44835638999938965,0.4409032346611392
6,heuristic_or,81,success,0.061545610427856445,0.44090323466113907
6,exact_milp,82,success,0.560518741607666,0.5827824096218482
6,exact_ortools_vrp,82,success,0.17112970352172852,0.5827824096218482
6,heuristic_or,82,success,0.0424351692199707,0.5827824096218482
6,exact_milp,83,success,1.7682812213897705,0.5312988099301785
6,exact_ortools_vrp,83,success,0.5836560726165771,0.5312988099301785
6,heuristic_or,83,success,0.06666898727416992,0.5312988099301785
6,exact_milp,84,success,0.054001569747924805,0.40044121894454526
6,exact_ortools_vrp,84,success,0.037093162536621094,0.40044121894454526
6,heuristic_or,84,success,0.04465079307556152,0.40044121894454526
6,exact_milp,85,success,0.15027189254760742,0.40462151006759917
6,exact_ortools_vrp,85,success,0.014369964599609375,0.40462151006759917
6,heuristic_or,85,success,0.08094167709350586,0.4046215100675991
6,exact_milp,86,success,0.04565238952636719,0.4136752699878767
6,exact_ortools_vrp,86,success,0.06370091438293457,0.4136752699878767
6,heuristic_or,86,success,0.0840611457824707,0.41367526998787674
6,exact_milp,87,success,0.4707496166229248,0.4444382704992495
6,exact_ortools_vrp,87,success,0.5737099647521973,0.4444382704992495
6,heuristic_or,87,success,0.048972368240356445,0.4444382704992495
6,exact_milp,88,success,0.14198756217956543,0.4400564475578494
6,exact_ortools_vrp,88,success,0.0273892879486084,0.4400564475578494
6,heuristic_or,88,success,0.04074907302856445,0.4400564475578494
6,exact_milp,89,success,0.18365693092346191,0.5273496434795275
6,exact_ortools_vrp,89,success,0.015377044677734375,0.5273496434795274
6,heuristic_or,89,success,0.034291744232177734,0.5273496434795274
6,exact_milp,90,success,0.5995030403137207,0.5506356604964868
6,exact_ortools_vrp,90,success,0.6324646472930908,0.5506356604964868
6,heuristic_or,90,success,0.06828951835632324,0.5506356604964869
6,exact_milp,91,success,1.178844928741455,0.4926827359593174
6,exact_ortools_vrp,91,success,0.3409895896911621,0.4926827359593175
6,heuristic_or,91,success,0.059238433837890625,0.4926827359593175
6,exact_milp,92,success,1.2329092025756836,0.5932598706632882
6,exact_ortools_vrp,92,success,0.22852325439453125,0.5932598706632882
6,heuristic_or,92,success,0.06345987319946289,0.5932598706632882
6,exact_milp,93,success,0.37589383125305176,0.4722429035490023
6,exact_ortools_vrp,93,success,0.3312845230102539,0.47224290354900217
6,heuristic_or,93,success,0.0553896427154541,0.4722429035490023
6,exact_milp,94,success,1.6375079154968262,0.7181053794456606
6,exact_ortools_vrp,94,success,0.5500917434692383,0.7181053794456607
6,heuristic_or,94,success,0.03526592254638672,0.7181053794456607
6,exact_milp,95,success,0.5819323062896729,0.509056616164555
6,exact_ortools_vrp,95,success,0.28899526596069336,0.5090566161645551
6,heuristic_or,95,success,0.054448604583740234,0.5090566161645551
6,exact_milp,96,success,1.2724957466125488,0.45576732494434274
6,exact_ortools_vrp,96,success,0.5115313529968262,0.45576732494434274
6,heuristic_or,96,success,0.03898119926452637,0.45576732494434274
6,exact_milp,97,success,0.6471278667449951,0.46679860821629743
6,exact_ortools_vrp,97,success,0.2803928852081299,0.46679860821629743
6,heuristic_or,97,success,0.03833603858947754,0.46679860821629743
6,exact_milp,98,success,0.38672971725463867,0.51261112688542
6,exact_ortools_vrp,98,success,0.2669544219970703,0.51261112688542
6,heuristic_or,98,success,0.06259942054748535,0.5126111268854201
6,exact_milp,99,success,1.2952203750610352,0.6671548704020105
6,exact_ortools_vrp,99,success,0.07024264335632324,0.6671548704020105
6,heuristic_or,99,success,0.04076957702636719,0.6671548704020105
6,exact_milp,100,success,1.4192674160003662,0.593482695458781
6,exact_ortools_vrp,100,success,0.404541015625,0.593482695458781
6,heuristic_or,100,success,0.04763221740722656,0.593482695458781
7,exact_milp,1,success,3.0472991466522217,0.506572369407821
7,exact_ortools_vrp,1,success,4.099134922027588,0.506572369407821
7,heuristic_or,1,success,0.08791422843933105,0.5065723694078209
7,exact_milp,2,success,0.508056640625,0.32006138185388316
7,exact_ortools_vrp,2,success,0.24312591552734375,0.32006138185388316
7,heuristic_or,2,success,0.06005048751831055,0.3200613818538831
7,exact_milp,3,success,0.6645069122314453,0.32610449934184155
7,exact_ortools_vrp,3,success,0.1444871425628662,0.32610449934184155
7,heuristic_or,3,success,0.10961103439331055,0.32610449934184155
7,exact_milp,4,success,8.213256597518921,0.5157286666574941
7,exact_ortools_vrp,4,success,1.1189587116241455,0.5157286666574942
7,heuristic_or,4,success,0.06677556037902832,0.5157286666574941
7,exact_milp,5,success,0.16696786880493164,0.26694181306487225
7,exact_ortools_vrp,5,success,0.13873052597045898,0.26694181306487225
7,heuristic_or,5,success,0.05380868911743164,0.26694181306487225
7,exact_milp,6,success,4.9007728099823,0.4111024606539096
7,exact_ortools_vrp,6,success,1.0542354583740234,0.4111024606539096
7,heuristic_or,6,success,0.16062211990356445,0.4111024606539095
7,exact_milp,7,success,4.0858376026153564,0.4545611131765114
7,exact_ortools_vrp,7,success,0.6227481365203857,0.4545611131765114
7,heuristic_or,7,success,0.11401581764221191,0.4545611131765114
7,exact_milp,8,success,1.962717056274414,0.5130976512894246
7,exact_ortools_vrp,8,success,1.3007028102874756,0.5130976512894247
7,heuristic_or,8,success,0.04211688041687012,0.5130976512894246
7,exact_milp,9,success,0.740478515625,0.4484538217688511
7,exact_ortools_vrp,9,success,2.2548625469207764,0.4484538217688511
7,heuristic_or,9,success,0.07691311836242676,0.4484538217688511
7,exact_milp,10,success,3.1857073307037354,0.5376916313782755
7,exact_ortools_vrp,10,success,1.7806346416473389,0.5376916313782755
7,heuristic_or,10,success,0.11168456077575684,0.5376916313782755
7,exact_milp,11,success,1.0707571506500244,0.4112961930520287
7,exact_ortools_vrp,11,success,0.8505747318267822,0.41129619305202864
7,heuristic_or,11,success,0.1526644229888916,0.4112961930520287
7,exact_milp,12,success,0.5583715438842773,0.36473004998928144
7,exact_ortools_vrp,12,success,2.8517208099365234,0.36473004998928144
7,heuristic_or,12,success,0.08508157730102539,0.3647300499892813
7,exact_milp,13,success,2.370579242706299,0.5053577204174037
7,exact_ortools_vrp,13,success,1.5533559322357178,0.5053577204174037
7,heuristic_or,13,success,0.04912734031677246,0.5053577204174038
7,exact_milp,14,success,0.4127986431121826,0.39825899387700503
7,exact_ortools_vrp,14,success,0.24230742454528809,0.39825899387700503
7,heuristic_or,14,success,0.05192232131958008,0.39825899387700503
7,exact_milp,15,success,7.488371849060059,0.5700111482122099
7,exact_ortools_vrp,15,success,1.7907233238220215,0.5700111482122099
7,heuristic_or,15,success,0.05756402015686035,0.5700111482122099
7,exact_milp,16,success,23.191390991210938,0.5547876023153423
7,exact_ortools_vrp,16,success,2.823814630508423,0.5547876023153423
7,heuristic_or,16,success,0.07042050361633301,0.5547876023153423
7,exact_milp,17,success,2.1595375537872314,0.48099455396351243
7,exact_ortools_vrp,17,success,4.240060091018677,0.4809945539635125
7,heuristic_or,17,success,0.15087604522705078,0.48099455396351243
7,exact_milp,18,success,0.017569541931152344,0.42959309198042667
7,exact_ortools_vrp,18,success,0.012559175491333008,0.42959309198042667
7,heuristic_or,18,success,0.0501711368560791,0.4295930919804266
7,exact_milp,19,success,0.6775572299957275,0.39156534815714433
7,exact_ortools_vrp,19,success,0.2413625717163086,0.39156534815714433
7,heuristic_or,19,success,0.11724376678466797,0.39156534815714433
7,exact_milp,20,success,1.0632402896881104,0.43744350392374637
7,exact_ortools_vrp,20,success,1.090294599533081,0.4374435039237464
7,heuristic_or,20,success,0.0713798999786377,0.43744350392374637
7,exact_milp,21,success,3.5456197261810303,0.49007829837803596
7,exact_ortools_vrp,21,success,3.3128316402435303,0.49007829837803596
7,heuristic_or,21,success,0.07042813301086426,0.49007829837803596
7,exact_milp,22,success,0.15897035598754883,0.348586591221688
7,exact_ortools_vrp,22,success,0.05021262168884277,0.34858659122168806
7,heuristic_or,22,success,0.06457114219665527,0.34858659122168806
7,exact_milp,23,success,15.221121072769165,0.6486291610840348
7,exact_ortools_vrp,23,success,2.542238473892212,0.6486291610840348
7,heuristic_or,23,success,0.06927776336669922,0.6486291610840348
7,exact_milp,24,success,30.72541832923889,0.34519623020426116
7,exact_ortools_vrp,24,success,7.292004346847534,0.34519623020426116
7,heuristic_or,24,success,0.09572792053222656,0.34519623020426116
7,exact_milp,25,success,0.7625405788421631,0.30899161424451344
7,exact_ortools_vrp,25,success,2.3557043075561523,0.3089916142445134
7,heuristic_or,25,success,0.053266048431396484,0.30899161424451344
7,exact_milp,26,success,2.7940046787261963,0.4468034337680497
7,exact_ortools_vrp,26,success,2.6843881607055664,0.4468034337680497
7,heuristic_or,26,success,0.058673858642578125,0.4468034337680498
7,exact_milp,27,success,1.222261667251587,0.5235935912803849
7,exact_ortools_vrp,27,success,0.313640832901001,0.523593591280385
7,heuristic_or,27,success,0.05029702186584473,0.5235935912803849
7,exact_milp,28,success,1.8261873722076416,0.4505255494080311
7,exact_ortools_vrp,28,success,3.8853979110717773,0.4505255494080311
7,heuristic_or,28,success,0.09578275680541992,0.4505255494080312
7,exact_milp,29,success,5.149631500244141,0.5633703087653589
7,exact_ortools_vrp,29,success,1.2438726425170898,0.5633703087653589
7,heuristic_or,29,success,0.08270406723022461,0.5633703087653589
7,exact_milp,30,success,4.726735830307007,0.5997937452659599
7,exact_ortools_vrp,30,success,1.4174046516418457,0.5997937452659597
7,heuristic_or,30,success,0.06226325035095215,0.5997937452659599
7,exact_milp,31,success,4.185836315155029,0.523720135837051
7,exact_ortools_vrp,31,success,2.848491668701172,0.523720135837051
7,heuristic_or,31,success,0.06689906120300293,0.523720135837051
7,exact_milp,32,success,0.15273165702819824,0.36464759230524224
7,exact_ortools_vrp,32,success,0.10104084014892578,0.36464759230524224
7,heuristic_or,32,success,0.05906057357788086,0.3646475923052423
7,exact_milp,33,success,5.734374284744263,0.5683731572469791
7,exact_ortools_vrp,33,success,1.5362906455993652,0.5683731572469791
7,heuristic_or,33,success,0.1100776195526123,0.5683731572469792
7,exact_milp,34,success,3.0393972396850586,0.50338932842423
7,exact_ortools_vrp,34,success,5.113538980484009,0.50338932842423
7,heuristic_or,34,success,0.12924623489379883,0.50338932842423
7,exact_milp,35,success,6.5372865200042725,0.5750077283917053
7,exact_ortools_vrp,35,success,3.718651533126831,0.5750077283917053
7,heuristic_or,35,success,0.14043951034545898,0.5750077283917053
7,exact_milp,36,success,0.470935583114624,0.35289364579827065
7,exact_ortools_vrp,36,success,5.449162244796753,0.35289364579827065
7,heuristic_or,36,success,0.06425070762634277,0.35289364579827076
7,exact_milp,37,success,0.8448607921600342,0.3899142701204605
7,exact_ortools_vrp,37,success,0.4784207344055176,0.3899142701204605
7,heuristic_or,37,success,0.07907414436340332,0.3899142701204604
7,exact_milp,38,success,2.3581228256225586,0.5376278692778272
7,exact_ortools_vrp,38,success,2.3251452445983887,0.5376278692778272
7,heuristic_or,38,success,0.06417012214660645,0.5376299623960688
7,exact_milp,39,success,0.5044946670532227,0.352425326603695
7,exact_ortools_vrp,39,success,1.3637983798980713,0.352425326603695
7,heuristic_or,39,success,0.06253170967102051,0.35242532660369497
7,exact_milp,40,success,1.4625873565673828,0.465125915426376
7,exact_ortools_vrp,40,success,2.9123480319976807,0.465125915426376
7,heuristic_or,40,success,0.059815406799316406,0.46512591542637594
7,exact_milp,41,success,0.024881601333618164,0.4109804386080179
7,exact_ortools_vrp,41,success,0.8837308883666992,0.4109804386080179
7,heuristic_or,41,success,0.06506705284118652,0.4109804386080179
7,exact_milp,42,success,0.20251822471618652,0.3538380509393035
7,exact_ortools_vrp,42,success,0.0651094913482666,0.3538380509393035
7,heuristic_or,42,success,0.04297041893005371,0.3538380509393035
7,exact_milp,43,success,0.580294132232666,0.3297660240166464
7,exact_ortools_vrp,43,success,1.1715619564056396,0.3297660240166465
7,heuristic_or,43,success,0.0728766918182373,0.3297660240166465
7,exact_milp,44,success,2.7957773208618164,0.33429834685690996
7,exact_ortools_vrp,44,success,1.5540695190429688,0.33429834685690996
7,heuristic_or,44,success,0.0838623046875,0.33429834685690996
7,exact_milp,45,success,0.9926695823669434,0.425011111165269
7,exact_ortools_vrp,45,success,1.2703278064727783,0.425011111165269
7,heuristic_or,45,success,0.0488278865814209,0.425011111165269
7,exact_milp,46,success,0.4221460819244385,0.38705288367701585
7,exact_ortools_vrp,46,success,0.6644065380096436,0.3870528836770159
7,heuristic_or,46,success,0.06058931350708008,0.38705288367701585
7,exact_milp,47,success,5.31758189201355,0.5126122351786476
7,exact_ortools_vrp,47,success,1.5632243156433105,0.5126122351786476
7,heuristic_or,47,success,0.07170844078063965,0.5126122351786476
7,exact_milp,48,success,0.4177999496459961,0.4121428842668142
7,exact_ortools_vrp,48,success,0.6412520408630371,0.4121428842668142
7,heuristic_or,48,success,0.04341292381286621,0.4121428842668143
7,exact_milp,49,success,0.6786191463470459,0.3134053391143667
7,exact_ortools_vrp,49,success,0.2855684757232666,0.3134053391143667
7,heuristic_or,49,success,0.07589936256408691,0.3134053391143667
7,exact_milp,50,success,0.8541855812072754,0.36678677481970884
7,exact_ortools_vrp,50,success,2.3914401531219482,0.3667867748197087
7,heuristic_or,50,success,0.0616912841796875,0.3667867748197087
7,exact_milp,51,success,18.029239416122437,0.5628285045738276
7,exact_ortools_vrp,51,success,7.4822375774383545,0.5628285045738276
7,heuristic_or,51,success,0.0806584358215332,0.5628285045738277
7,exact_milp,52,success,2.303025484085083,0.5010915970097243
7,exact_ortools_vrp,52,success,3.7899484634399414,0.5010915970097243
7,heuristic_or,52,success,0.057723045349121094,0.5010915970097243
7,exact_milp,53,success,16.035422563552856,0.637379522802649
7,exact_ortools_vrp,53,success,6.37213659286499,0.637379522802649
7,heuristic_or,53,success,0.21501421928405762,0.637379522802649
7,exact_milp,54,success,4.3454270362854,0.505556849699153
7,exact_ortools_vrp,54,success,6.111219882965088,0.5055568496991529
7,heuristic_or,54,success,0.06688714027404785,0.505556849699153
7,exact_milp,55,success,0.17966890335083008,0.42988941495940874
7,exact_ortools_vrp,55,success,0.20691776275634766,0.42988941495940874
7,heuristic_or,55,success,0.07862567901611328,0.42988941495940874
7,exact_milp,56,success,3.065298318862915,0.45763783419458853
7,exact_ortools_vrp,56,success,1.7169768810272217,0.4576378341945886
7,heuristic_or,56,success,0.09027338027954102,0.45763783419458853
7,exact_milp,57,success,2.672327756881714,0.3964064863151708
7,exact_ortools_vrp,57,success,0.3909435272216797,0.3964064863151709
7,heuristic_or,57,success,0.0806429386138916,0.3964064863151708
7,exact_milp,58,success,0.14468789100646973,0.31818897858672596
7,exact_ortools_vrp,58,success,0.64205002784729,0.31818897858672596
7,heuristic_or,58,success,0.052263498306274414,0.318188978586726
7,exact_milp,59,success,1.772080898284912,0.45442814935096015
7,exact_ortools_vrp,59,success,1.626504898071289,0.45442814935096026
7,heuristic_or,59,success,0.0615689754486084,0.4544281493509602
7,exact_milp,60,success,9.510663509368896,0.30974309807233646
7,exact_ortools_vrp,60,success,2.0104305744171143,0.30974309807233646
7,heuristic_or,60,success,0.07063007354736328,0.3097430980723364
7,exact_milp,61,success,0.03557133674621582,0.39171405150353183
7,exact_ortools_vrp,61,success,0.020749568939208984,0.39171405150353183
7,heuristic_or,61,success,0.04522991180419922,0.3917140515035317
7,exact_milp,62,success,6.322939395904541,0.46624967346896273
7,exact_ortools_vrp,62,success,4.526447534561157,0.46624967346896273
7,heuristic_or,62,success,0.08633279800415039,0.46624967346896273
7,exact_milp,63,success,13.124393701553345,0.5234561425787284
7,exact_ortools_vrp,63,success,3.9141087532043457,0.5234561425787284
7,heuristic_or,63,success,0.16963601112365723,0.5234561425787285
7,exact_milp,64,success,10.256827354431152,0.5214017835784828
7,exact_ortools_vrp,64,success,1.3310420513153076,0.5214017835784828
7,heuristic_or,64,success,0.08315229415893555,0.5214017835784829
7,exact_milp,65,success,16.51731276512146,0.41781523457512953
7,exact_ortools_vrp,65,success,1.4162318706512451,0.41781523457512953
7,heuristic_or,65,success,0.06755971908569336,0.4178152345751296
7,exact_milp,66,success,4.10807466506958,0.44117511363864736
7,exact_ortools_vrp,66,success,2.9895434379577637,0.4411751136386473
7,heuristic_or,66,success,0.05700492858886719,0.4411751136386473
7,exact_milp,67,success,0.7728705406188965,0.45621489991516867
7,exact_ortools_vrp,67,success,0.2697734832763672,0.45621489991516867
7,heuristic_or,67,success,0.09781861305236816,0.4562148999151686
7,exact_milp,68,success,0.6458897590637207,0.41167884598748533
7,exact_ortools_vrp,68,success,0.7548465728759766,0.41167884598748533
7,heuristic_or,68,success,0.09282827377319336,0.41167884598748533
7,exact_milp,69,success,2.9710276126861572,0.4625490061073307
7,exact_ortools_vrp,69,success,0.5838735103607178,0.4625490061073307
7,heuristic_or,69,success,0.09382271766662598,0.4625490061073307
7,exact_milp,70,success,1.517223596572876,0.23395822199840152
7,exact_ortools_vrp,70,success,0.7900714874267578,0.23395822199840155
7,heuristic_or,70,success,0.053131103515625,0.23395822199840155
7,exact_milp,71,success,4.043648958206177,0.47841587550625725
7,exact_ortools_vrp,71,success,1.8135478496551514,0.47841587550625725
7,heuristic_or,71,success,0.09276843070983887,0.4784158755062572
7,exact_milp,72,success,0.3994159698486328,0.44310945455674783
7,exact_ortools_vrp,72,success,0.11501717567443848,0.44310945455674783
7,heuristic_or,72,success,0.052468061447143555,0.44310945455674783
7,exact_milp,73,success,0.03372001647949219,0.352023841020236
7,exact_ortools_vrp,73,success,0.7994825839996338,0.352023841020236
7,heuristic_or,73,success,0.07103657722473145,0.352023841020236
7,exact_milp,74,success,2.5558741092681885,0.3965397822091488
7,exact_ortools_vrp,74,success,3.597733497619629,0.39653978220914876
7,heuristic_or,74,success,0.055846214294433594,0.3965397822091488
7,exact_milp,75,success,0.872222900390625,0.42444717179735175
7,exact_ortools_vrp,75,success,0.7152960300445557,0.42444717179735175
7,heuristic_or,75,success,0.1103050708770752,0.42444717179735175
7,exact_milp,76,success,1.1023893356323242,0.503278754633845
7,exact_ortools_vrp,76,success,0.7056717872619629,0.503278754633845
7,heuristic_or,76,success,0.07778620719909668,0.5032787546338449
7,exact_milp,77,success,0.9787790775299072,0.36992334720236364
7,exact_ortools_vrp,77,success,0.36858439445495605,0.3699233472023637
7,heuristic_or,77,success,0.04980158805847168,0.3699233472023637
7,exact_milp,78,success,2.11281156539917,0.500174333787888
7,exact_ortools_vrp,78,success,2.7976531982421875,0.500174333787888
7,heuristic_or,78,success,0.06490492820739746,0.500174333787888
7,exact_milp,79,success,1.2574591636657715,0.41589366742651696
7,exact_ortools_vrp,79,success,0.3755929470062256,0.4158936674265169
7,heuristic_or,79,success,0.10504317283630371,0.41589366742651696
7,exact_milp,80,success,1.1877946853637695,0.47662606820694675
7,exact_ortools_vrp,80,success,0.8293564319610596,0.47662606820694675
7,heuristic_or,80,success,0.09229254722595215,0.4766260682069468
7,exact_milp,81,success,12.2008638381958,0.45154522734742397
7,exact_ortools_vrp,81,success,1.981349229812622,0.45154522734742397
7,heuristic_or,81,success,0.09243655204772949,0.45154522734742397
7,exact_milp,82,success,2.8164384365081787,0.42470293388526376
7,exact_ortools_vrp,82,success,0.6795022487640381,0.42470293388526376
7,heuristic_or,82,success,0.05953645706176758,0.4247029338852638
7,exact_milp,83,success,1.169811487197876,0.35154256415296337
7,exact_ortools_vrp,83,success,0.4187898635864258,0.3515425641529633
7,heuristic_or,83,success,0.07757115364074707,0.35154256415296337
7,exact_milp,84,success,3.985637903213501,0.5321383120476646
7,exact_ortools_vrp,84,success,2.6638214588165283,0.5321383120476647
7,heuristic_or,84,success,0.07086920738220215,0.5321383120476646
7,exact_milp,85,success,0.7850112915039062,0.3559632194769207
7,exact_ortools_vrp,85,success,1.0338656902313232,0.3559632194769207
7,heuristic_or,85,success,0.04993605613708496,0.3559632194769207
7,exact_milp,86,success,0.7702877521514893,0.2800063496099644
7,exact_ortools_vrp,86,success,1.4519567489624023,0.2800063496099644
7,heuristic_or,86,success,0.10136795043945312,0.2800063496099644
7,exact_milp,87,success,1.6576571464538574,0.38522690491953065
7,exact_ortools_vrp,87,success,1.3043131828308105,0.38522690491953065
7,heuristic_or,87,success,0.0789482593536377,0.3852269049195306
7,exact_milp,88,success,1.2498431205749512,0.41950687803306186
7,exact_ortools_vrp,88,success,0.7591452598571777,0.41950687803306186
7,heuristic_or,88,success,0.06656813621520996,0.41950687803306186
7,exact_milp,89,success,0.5678298473358154,0.3204622001480294
7,exact_ortools_vrp,89,success,0.9304614067077637,0.3204622001480294
7,heuristic_or,89,success,0.050211191177368164,0.3204622001480294
7,exact_milp,90,success,1.0248892307281494,0.4462271499053147
7,exact_ortools_vrp,90,success,0.6591873168945312,0.44622714990531465
7,heuristic_or,90,success,0.057395219802856445,0.4462271499053147
7,exact_milp,91,success,12.661508321762085,0.6474230957396211
7,exact_ortools_vrp,91,success,2.86696457862854,0.6474230957396211
7,heuristic_or,91,success,0.08432888984680176,0.6474230957396212
7,exact_milp,92,success,8.738107204437256,0.49890500282417205
7,exact_ortools_vrp,92,success,2.165142297744751,0.498905002824172
7,heuristic_or,92,success,0.10413217544555664,0.49890500282417205
7,exact_milp,93,success,0.15851378440856934,0.3835378354928776
7,exact_ortools_vrp,93,success,0.022503137588500977,0.3835378354928776
7,heuristic_or,93,success,0.04484272003173828,0.3835378354928776
7,exact_milp,94,success,2.7192516326904297,0.5087374101134347
7,exact_ortools_vrp,94,success,0.5991194248199463,0.5087374101134345
7,heuristic_or,94,success,0.13759183883666992,0.5087374101134345
7,exact_milp,95,success,0.23285818099975586,0.3545365681623259
7,exact_ortools_vrp,95,success,0.13393616676330566,0.3545365681623259
7,heuristic_or,95,success,0.05739092826843262,0.3545365681623259
7,exact_milp,96,success,1.8526153564453125,0.4107646264200972
7,exact_ortools_vrp,96,success,1.0923316478729248,0.4107646264200972
7,heuristic_or,96,success,0.04814505577087402,0.4107646264200972
7,exact_milp,97,success,0.20183229446411133,0.476766049896002
7,exact_ortools_vrp,97,success,0.11578869819641113,0.47676604989600196
7,heuristic_or,97,success,0.06946825981140137,0.47676604989600196
7,exact_milp,98,success,0.23607945442199707,0.3607631605397237
7,exact_ortools_vrp,98,success,0.0787665843963623,0.36076316053972374
7,heuristic_or,98,success,0.0329897403717041,0.36076316053972374
7,exact_milp,99,success,2.1982319355010986,0.5435389577111803
7,exact_ortools_vrp,99,success,3.774029016494751,0.5370710507393867
7,heuristic_or,99,success,0.08704614639282227,0.5370710507393867
7,exact_milp,100,success,1.12139892578125,0.38663590189329494
7,exact_ortools_vrp,100,success,0.551971435546875,0.38663590189329494
7,heuristic_or,100,success,0.09028959274291992,0.38663590189329494
8,exact_milp,1,success,6.787799596786499,0.4641264624211287
8,exact_ortools_vrp,1,success,6.694477558135986,0.4641264624211287
8,heuristic_or,1,success,0.25388026237487793,0.46412646242112876
8,exact_milp,2,success,0.8494937419891357,0.3225973229957868
8,exact_ortools_vrp,2,success,1.1993587017059326,0.3225973229957868
8,heuristic_or,2,success,0.21538090705871582,0.3225973229957868
8,exact_milp,3,success,34.712894439697266,0.3980847044705044
8,exact_ortools_vrp,3,success,4.9228856563568115,0.3980847044705044
8,heuristic_or,3,success,0.47931885719299316,0.39808470447050437
8,exact_milp,4,success,0.8651783466339111,0.3672568964850878
8,exact_ortools_vrp,4,success,5.99657940864563,0.3672568964850878
8,heuristic_or,4,success,0.1624605655670166,0.3672568964850878
8,exact_milp,5,success,40.136860370635986,0.4243434722383215
8,exact_ortools_vrp,5,success,35.8690881729126,0.4243434722383215
8,heuristic_or,5,success,0.17388391494750977,0.42434347223832136
8,exact_milp,6,success,2.323425531387329,0.3687186408019896
8,exact_ortools_vrp,6,success,6.500461578369141,0.3687186408019896
8,heuristic_or,6,success,0.21402907371520996,0.3687186408019896
8,exact_milp,7,success,10.41113018989563,0.4716807317498375
8,exact_ortools_vrp,7,success,10.075902938842773,0.47168073174983755
8,heuristic_or,7,success,0.1550905704498291,0.4716807317498375
8,exact_milp,8,success,2.695185661315918,0.5085875734376638
8,exact_ortools_vrp,8,success,29.066816091537476,0.5085875734376638
8,heuristic_or,8,success,0.16462278366088867,0.5085875734376638
8,exact_milp,9,success,12.45676040649414,0.37862586778703644
8,exact_ortools_vrp,9,success,6.250885486602783,0.37862586778703644
8,heuristic_or,9,success,0.1366868019104004,0.3786258677870364
8,exact_milp,10,success,3.511712074279785,0.32562008150732624
8,exact_ortools_vrp,10,success,1.7905826568603516,0.3256200815073263
8,heuristic_or,10,success,0.13251566886901855,0.3256200815073263
8,exact_milp,11,success,7.723538398742676,0.42313515747277297
8,exact_ortools_vrp,11,success,10.573890924453735,0.42313515747277297
8,heuristic_or,11,success,0.31282758712768555,0.42313515747277297
8,exact_milp,12,success,53.73404574394226,0.5930186687779587
8,exact_ortools_vrp,12,success,14.391689777374268,0.5930186687779587
8,heuristic_or,12,success,0.11760282516479492,0.5930186687779588
8,exact_milp,13,success,0.6599533557891846,0.3809704470508705
8,exact_ortools_vrp,13,success,0.7060298919677734,0.3809704470508705
8,heuristic_or,13,success,0.20284485816955566,0.3809704470508705
8,exact_milp,14,success,1.3064167499542236,0.3029632909709844
8,exact_ortools_vrp,14,success,0.6279857158660889,0.3029632909709844
8,heuristic_or,14,success,0.2332921028137207,0.3029632909709844
8,exact_milp,15,success,3.6864941120147705,0.3575021185575168
8,exact_ortools_vrp,15,success,14.060303688049316,0.3575021185575168
8,heuristic_or,15,success,0.2058241367340088,0.35750211855751673
8,exact_milp,16,success,3.2145307064056396,0.35261577206013894
8,exact_ortools_vrp,16,success,6.301371812820435,0.3526157720601389
8,heuristic_or,16,success,0.19498825073242188,0.35261577206013883
8,exact_milp,17,success,1.782055377960205,0.33406280705589636
8,exact_ortools_vrp,17,success,1.4470763206481934,0.3340628070558964
8,heuristic_or,17,success,0.09386992454528809,0.33406280705589636
8,exact_milp,18,success,0.23028826713562012,0.2968964018043652
8,exact_ortools_vrp,18,success,0.1922144889831543,0.2968964018043653
8,heuristic_or,18,success,0.05082130432128906,0.2968964018043653
8,exact_milp,19,success,34.90905141830444,0.5616258725654026
8,exact_ortools_vrp,19,success,26.215625286102295,0.5616258725654026
8,heuristic_or,19,success,0.5031981468200684,0.5616258725654026
8,exact_milp,20,success,0.9560093879699707,0.38908767597588373
8,exact_ortools_vrp,20,success,2.7921018600463867,0.38908767597588373
8,heuristic_or,20,success,0.23024296760559082,0.3891806259011622
8,exact_milp,21,success,10.46201777458191,0.3941305634365706
8,exact_ortools_vrp,21,success,10.717383861541748,0.3941305634365706
8,heuristic_or,21,success,0.1933765411376953,0.39413056343657066
8,exact_milp,22,success,0.24016976356506348,0.3737974573879391
8,exact_ortools_vrp,22,success,0.810173749923706,0.3737974573879391
8,heuristic_or,22,success,0.058139801025390625,0.3737974573879391
8,exact_milp,23,success,6.077427625656128,0.40905635558703785
8,exact_ortools_vrp,23,success,35.35915398597717,0.40905635558703785
8,heuristic_or,23,success,0.48373937606811523,0.40905635558703785
8,exact_milp,24,success,7.493755102157593,0.3787532734250685
8,exact_ortools_vrp,24,success,11.487632513046265,0.3787532734250685
8,heuristic_or,24,success,0.11945986747741699,0.3787532734250685
8,exact_milp,25,success,0.13597917556762695,0.3407962553436141
8,exact_ortools_vrp,25,success,0.2758471965789795,0.3407962553436141
8,heuristic_or,25,success,0.09049654006958008,0.3407962553436141
8,exact_milp,26,success,1.113731861114502,0.3859994202761208
8,exact_ortools_vrp,26,success,8.730077981948853,0.3859994202761208
8,heuristic_or,26,success,0.11754417419433594,0.3859994202761207
8,exact_milp,27,success,6.93401837348938,0.4328306011973447
8,exact_ortools_vrp,27,success,6.537384748458862,0.4328306011973447
8,heuristic_or,27,success,0.1398448944091797,0.4328306011973447
8,exact_milp,28,success,0.9411804676055908,0.44471889532417275
8,exact_ortools_vrp,28,success,3.5176312923431396,0.44471889532417275
8,heuristic_or,28,success,0.15134119987487793,0.44471889532417286
8,exact_milp,29,success,3.544663429260254,0.4288794112106153
8,exact_ortools_vrp,29,success,6.39820408821106,0.4288794112106153
8,heuristic_or,29,success,0.11394023895263672,0.42887941121061535
8,exact_milp,30,success,21.224594593048096,0.5221392136322852
8,exact_ortools_vrp,30,success,15.595363855361938,0.5221392136322851
8,heuristic_or,30,success,0.12501192092895508,0.5221392136322852
8,exact_milp,31,success,3.6975903511047363,0.4025466906827485
8,exact_ortools_vrp,31,success,106.84878444671631,0.4025466906827485
8,heuristic_or,31,success,0.11044669151306152,0.40254669068274845
8,exact_milp,32,success,1.7622168064117432,0.3677391554794599
8,exact_ortools_vrp,32,success,4.510515213012695,0.36773915547945996
8,heuristic_or,32,success,0.10639548301696777,0.3677391554794599
8,exact_milp,33,success,60.06233477592468,0.5747437508409832
8,exact_ortools_vrp,33,success,40.77025103569031,0.5747437508409832
8,heuristic_or,33,success,0.7964882850646973,0.5747437508409832
8,exact_milp,34,success,2.852710008621216,0.3126712170667094
8,exact_ortools_vrp,34,success,3.8511273860931396,0.3126712170667094
8,heuristic_or,34,success,0.10062289237976074,0.3126712170667094
8,exact_milp,35,success,3.011662244796753,0.3416357488268331
8,exact_ortools_vrp,35,success,5.332861661911011,0.3416357488268331
8,heuristic_or,35,success,0.17773056030273438,0.34163574882683306
8,exact_milp,36,success,0.5402400493621826,0.41070963574645786
8,exact_ortools_vrp,36,success,6.962608098983765,0.41070963574645786
8,heuristic_or,36,success,0.1217191219329834,0.41070963574645786
8,exact_milp,37,success,0.5380980968475342,0.4404235481430261
8,exact_ortools_vrp,37,success,2.0562009811401367,0.4404235481430261
8,heuristic_or,37,success,0.16751432418823242,0.44042354814302603
8,exact_milp,38,success,1.0089261531829834,0.41353939593379263
8,exact_ortools_vrp,38,success,1.1042876243591309,0.41353939593379263
8,heuristic_or,38,success,0.3194558620452881,0.41353939593379263
8,exact_milp,39,success,22.50172996520996,0.4593810851597371
8,exact_ortools_vrp,39,success,19.29121470451355,0.459381085159737
8,heuristic_or,39,success,0.19912409782409668,0.459381085159737
8,exact_milp,40,success,4.911252975463867,0.31394792636917074
8,exact_ortools_vrp,40,success,9.114764928817749,0.31394792636917074
8,heuristic_or,40,success,0.4450826644897461,0.3139479263691708
8,exact_milp,41,success,44.62853193283081,0.3907005619054586
8,exact_ortools_vrp,41,success,10.839779615402222,0.3907005619054586
8,heuristic_or,41,success,0.23565149307250977,0.3907005619054586
8,exact_milp,42,success,10.137993574142456,0.45975798857369893
8,exact_ortools_vrp,42,success,4.563576698303223,0.45975798857369893
8,heuristic_or,42,success,0.36702632904052734,0.45975798857369893
8,exact_milp,43,success,37.795811891555786,0.48436812628088605
8,exact_ortools_vrp,43,success,11.27004075050354,0.48436812628088605
8,heuristic_or,43,success,0.13229036331176758,0.4843681262808861
8,exact_milp,44,success,0.6294167041778564,0.3396574746618098
8,exact_ortools_vrp,44,success,1.7213647365570068,0.33965747466180984
8,heuristic_or,44,success,0.3059542179107666,0.33965747466180984
8,exact_milp,45,success,1.730391502380371,0.34891910703227363
8,exact_ortools_vrp,45,success,2.8707399368286133,0.34891910703227363
8,heuristic_or,45,success,0.6188771724700928,0.34891910703227363
8,exact_milp,46,success,20.01551127433777,0.41952753875532256
8,exact_ortools_vrp,46,success,10.0878586769104,0.41952753875532256
8,heuristic_or,46,success,0.13599419593811035,0.4195275387553226
8,exact_milp,47,success,3.88899827003479,0.4669443292582971
8,exact_ortools_vrp,47,success,4.036029577255249,0.46694432925829704
8,heuristic_or,47,success,0.16005873680114746,0.4669443292582971
8,exact_milp,48,success,5.213587522506714,0.3787939714115581
8,exact_ortools_vrp,48,success,14.480150938034058,0.378793971411558
8,heuristic_or,48,success,0.4817326068878174,0.378793971411558
8,exact_milp,49,success,5.653077840805054,0.38348803729328035
8,exact_ortools_vrp,49,success,16.241260290145874,0.38348803729328035
8,heuristic_or,49,success,0.14072513580322266,0.38348803729328035
8,exact_milp,50,success,1.1967227458953857,0.4545043670106507
8,exact_ortools_vrp,50,success,1.3657634258270264,0.45450436701065067
8,heuristic_or,50,success,0.33759355545043945,0.4545043670106507
8,exact_milp,51,success,89.30998706817627,0.5555870584294798
8,exact_ortools_vrp,51,success,31.22748327255249,0.5555870584294795
8,heuristic_or,51,success,0.8702857494354248,0.5555870584294796
8,exact_milp,52,success,0.8036801815032959,0.41598060665551184
8,exact_ortools_vrp,52,success,0.5857813358306885,0.41598060665551184
8,heuristic_or,52,success,0.33252453804016113,0.41598060665551184
8,exact_milp,53,success,25.091365098953247,0.4232578699003908
8,exact_ortools_vrp,53,success,10.695845127105713,0.4232578699003908
8,heuristic_or,53,success,0.12215614318847656,0.4232578699003909
8,exact_milp,54,success,9.584250211715698,0.45495203443450344
8,exact_ortools_vrp,54,success,2.975982904434204,0.45495203443450344
8,heuristic_or,54,success,0.4719877243041992,0.4549520344345035
8,exact_milp,55,success,3.341834783554077,0.41922565625514296
8,exact_ortools_vrp,55,success,18.738930225372314,0.41922565625514296
8,heuristic_or,55,success,0.14281249046325684,0.4192256562551429
8,exact_milp,56,success,11.354214668273926,0.31000370152094187
8,exact_ortools_vrp,56,success,3.34633469581604,0.31000370152094187
8,heuristic_or,56,success,0.3386068344116211,0.31000370152094187
8,exact_milp,57,success,62.49799871444702,0.437339917800484
8,exact_ortools_vrp,57,success,21.636640071868896,0.437339917800484
8,heuristic_or,57,success,0.2943902015686035,0.437339917800484
8,exact_milp,58,success,2.806121349334717,0.37390626943897465
8,exact_ortools_vrp,58,success,5.69434380531311,0.3739062694389747
8,heuristic_or,58,success,0.2894856929779053,0.37392273057509623
8,exact_milp,59,success,1.9139487743377686,0.3601026837923278
8,exact_ortools_vrp,59,success,9.982930898666382,0.3601026837923278
8,heuristic_or,59,success,0.14588379859924316,0.3601026837923278
8,exact_milp,60,success,4.864429473876953,0.41962111233760657
8,exact_ortools_vrp,60,success,7.705739974975586,0.4196211123376066
8,heuristic_or,60,success,0.24877500534057617,0.41962111233760657
8,exact_milp,61,success,2.292823076248169,0.2818610084325125
8,exact_ortools_vrp,61,success,2.6791348457336426,0.28186100843251244
8,heuristic_or,61,success,0.16713666915893555,0.2818610084325125
8,exact_milp,62,success,6.232052803039551,0.49787643744300736
8,exact_ortools_vrp,62,success,4.318793296813965,0.4978764374430073
8,heuristic_or,62,success,0.14032268524169922,0.49787643744300736
8,exact_milp,63,success,37.917365312576294,0.5028413643487546
8,exact_ortools_vrp,63,success,9.904464483261108,0.5028413643487546
8,heuristic_or,63,success,0.2511312961578369,0.5028413643487546
8,exact_milp,64,success,8.932430028915405,0.4268559813164928
8,exact_ortools_vrp,64,success,7.464754581451416,0.4268559813164929
8,heuristic_or,64,success,0.12309908866882324,0.42685598131649294
8,exact_milp,65,success,2.7435808181762695,0.40608425411350463
8,exact_ortools_vrp,65,success,10.027929544448853,0.40608425411350463
8,heuristic_or,65,success,0.36858320236206055,0.4060842541135046
8,exact_milp,66,success,1.7411141395568848,0.3704059401081744
8,exact_ortools_vrp,66,success,21.421923398971558,0.3704059401081744
8,heuristic_or,66,success,0.06798362731933594,0.3704059401081744
8,exact_milp,67,success,0.28472185134887695,0.36245911936530784
8,exact_ortools_vrp,67,success,0.15137052536010742,0.36245911936530784
8,heuristic_or,67,success,0.15034747123718262,0.3624591193653077
8,exact_milp,68,success,6.151178598403931,0.4840839776914782
8,exact_ortools_vrp,68,success,9.301514625549316,0.4840839776914782
8,heuristic_or,68,success,0.14944767951965332,0.4840839776914782
8,exact_milp,69,success,23.024505615234375,0.37796124398015807
8,exact_ortools_vrp,69,success,12.846696853637695,0.377961243980158
8,heuristic_or,69,success,0.1965620517730713,0.37796124398015807
8,exact_milp,70,success,17.60098171234131,0.3893906085189956
8,exact_ortools_vrp,70,success,13.208580255508423,0.3893906085189956
8,heuristic_or,70,success,0.18427205085754395,0.3893906085189956
8,exact_milp,71,success,37.92447018623352,0.4956605861834598
8,exact_ortools_vrp,71,success,9.533567905426025,0.4956605861834598
8,heuristic_or,71,success,0.20954561233520508,0.49566058618345976
8,exact_milp,72,success,37.67599844932556,0.47823692494881853
8,exact_ortools_vrp,72,success,22.68291211128235,0.47823692494881853
8,heuristic_or,72,success,0.2568085193634033,0.47823692494881853
8,exact_milp,73,success,16.548466444015503,0.4482029078370181
8,exact_ortools_vrp,73,success,5.566441297531128,0.44820290783701805
8,heuristic_or,73,success,0.14442992210388184,0.44820290783701805
8,exact_milp,74,success,21.92965841293335,0.4894002535506937
8,exact_ortools_vrp,74,success,5.522425174713135,0.48940025355069366
8,heuristic_or,74,success,0.13060450553894043,0.4894002535506936
8,exact_milp,75,success,1.3402488231658936,0.4296877803261832
8,exact_ortools_vrp,75,success,8.823294401168823,0.4296877803261832
8,heuristic_or,75,success,0.10150909423828125,0.4296877803261832
8,exact_milp,76,success,2.927530288696289,0.31671626894432087
8,exact_ortools_vrp,76,success,4.25143837928772,0.31671626894432087
8,heuristic_or,76,success,0.08388209342956543,0.3167162689443208
8,exact_milp,77,success,5.93156886100769,0.4334152577169027
8,exact_ortools_vrp,77,success,5.608111143112183,0.43341525771690265
8,heuristic_or,77,success,0.09542346000671387,0.43341525771690265
8,exact_milp,78,success,1.2354941368103027,0.4093660905886461
8,exact_ortools_vrp,78,success,3.455235481262207,0.40936609058864615
8,heuristic_or,78,success,0.11101770401000977,0.4093660905886461
8,exact_milp,79,success,0.33116698265075684,0.3883959910522029
8,exact_ortools_vrp,79,success,0.938784122467041,0.3883959910522029
8,heuristic_or,79,success,0.2516462802886963,0.3883959910522029
8,exact_milp,80,success,2.4429433345794678,0.39091376046538756
8,exact_ortools_vrp,80,success,2.203016757965088,0.39091376046538756
8,heuristic_or,80,success,0.22896218299865723,0.39091376046538756
8,exact_milp,81,success,9.226539373397827,0.5422407776385965
8,exact_ortools_vrp,81,success,12.698160886764526,0.5422407776385966
8,heuristic_or,81,success,0.0954732894897461,0.5422407776385967
8,exact_milp,82,success,17.52783203125,0.39140092303982893
8,exact_ortools_vrp,82,success,21.340060234069824,0.3914009230398288
8,heuristic_or,82,success,0.11860823631286621,0.3914009230398288
8,exact_milp,83,success,2.8527393341064453,0.38914334170113196
8,exact_ortools_vrp,83,success,0.8388850688934326,0.38914334170113196
8,heuristic_or,83,success,0.17911934852600098,0.38914334170113196
8,exact_milp,84,success,2.430140972137451,0.3640710383888171
8,exact_ortools_vrp,84,success,6.60048246383667,0.36407103838881716
8,heuristic_or,84,success,0.18800830841064453,0.36407103838881716
8,exact_milp,85,success,103.44132423400879,0.47184420209557754
8,exact_ortools_vrp,85,success,32.39041066169739,0.4718442020955776
8,heuristic_or,85,success,0.14944005012512207,0.4718442020955776
8,exact_milp,86,success,8.043375730514526,0.5230975959580175
8,exact_ortools_vrp,86,success,7.883647918701172,0.5230975959580175
8,heuristic_or,86,success,0.10393023490905762,0.5230975959580175
8,exact_milp,87,success,2.1896989345550537,0.36759696280366705
8,exact_ortools_vrp,87,success,7.67054557800293,0.36759696280366705
8,heuristic_or,87,success,0.13438200950622559,0.367596962803667
8,exact_milp,88,success,3.000908851623535,0.34399067576723924
8,exact_ortools_vrp,88,success,5.254483699798584,0.34399067576723924
8,heuristic_or,88,success,0.16858911514282227,0.3439906757672393
8,exact_milp,89,success,0.3991117477416992,0.42288979699571294
8,exact_ortools_vrp,89,success,1.3145480155944824,0.42288979699571294
8,heuristic_or,89,success,0.10638856887817383,0.42288979699571294
8,exact_milp,90,success,0.2967660427093506,0.38955470011216525
8,exact_ortools_vrp,90,success,0.20091867446899414,0.38955470011216525
8,heuristic_or,90,success,0.058691978454589844,0.3895547001121653
8,exact_milp,91,success,8.04273533821106,0.41998760648038685
8,exact_ortools_vrp,91,success,4.593752861022949,0.41998760648038685
8,heuristic_or,91,success,0.2083132266998291,0.4199876064803869
8,exact_milp,92,success,3.2608253955841064,0.45491370982569174
8,exact_ortools_vrp,92,success,3.4355547428131104,0.45491370982569174
8,heuristic_or,92,success,0.10422372817993164,0.45491370982569174
8,exact_milp,93,success,10.358459949493408,0.42186187786577556
8,exact_ortools_vrp,93,success,5.132616758346558,0.42186187786577556
8,heuristic_or,93,success,0.10780525207519531,0.4218618778657755
8,exact_milp,94,success,6.7135701179504395,0.4557490133060035
8,exact_ortools_vrp,94,success,20.060402393341064,0.435105959261836
8,heuristic_or,94,success,0.20157742500305176,0.435105959261836
8,exact_milp,95,success,0.7534613609313965,0.2824450258484244
8,exact_ortools_vrp,95,success,0.42159342765808105,0.2824450258484244
8,heuristic_or,95,success,0.1316852569580078,0.2824450258484244
8,exact_milp,96,success,1.0493128299713135,0.3699795613332095
8,exact_ortools_vrp,96,success,4.733849287033081,0.3699795613332095
8,heuristic_or,96,success,0.1462850570678711,0.36997956133320953
8,exact_milp,97,success,12.765555143356323,0.4838713742220142
8,exact_ortools_vrp,97,success,15.044724464416504,0.4690737421312746
8,heuristic_or,97,success,0.25910019874572754,0.4690737421312746
8,exact_milp,98,success,26.732531547546387,0.5206608493501618
8,exact_ortools_vrp,98,success,5.21639347076416,0.5206608493501618
8,heuristic_or,98,success,0.1598210334777832,0.5206608493501618
8,exact_milp,99,success,19.310916662216187,0.4183281422364593
8,exact_ortools_vrp,99,success,4.693394422531128,0.4183281422364593
8,heuristic_or,99,success,0.07648801803588867,0.41832814223645925
8,exact_milp,100,success,10.00481104850769,0.47311413983032946
8,exact_ortools_vrp,100,success,29.623690128326416,0.47311413983032946
8,heuristic_or,100,success,0.26038026809692383,0.47311413983032957
9,exact_milp,1,success,6.783714056015015,0.44020091762771396
9,exact_ortools_vrp,1,success,25.512190341949463,0.4402009176277139
9,heuristic_or,1,success,0.06740522384643555,0.4402009176277139
9,exact_milp,2,success,32.93193030357361,0.4505555638788048
9,exact_ortools_vrp,2,success,65.43711423873901,0.4505555638788048
9,heuristic_or,2,success,0.18299484252929688,0.4505555638788048
9,exact_milp,3,success,34.484625816345215,0.40374257538769714
9,exact_ortools_vrp,3,success,23.835854530334473,0.4037425753876971
9,heuristic_or,3,success,0.14566636085510254,0.40374257538769714
9,exact_milp,4,success,20.436094284057617,0.4174974640263878
9,exact_ortools_vrp,4,success,10.751510620117188,0.4174974640263878
9,heuristic_or,4,success,0.11143779754638672,0.4174974640263878
9,exact_milp,5,success,14.936584949493408,0.3928544396351518
9,exact_ortools_vrp,5,success,55.230578899383545,0.3928544396351519
9,heuristic_or,5,success,0.2647426128387451,0.3928544396351519
9,exact_milp,6,success,4.7198474407196045,0.3958656662367294
9,exact_ortools_vrp,6,success,112.78551030158997,0.3958656662367294
9,heuristic_or,6,success,0.16631484031677246,0.3958656662367294
9,exact_milp,7,success,149.85008478164673,0.47073774882474784
9,exact_ortools_vrp,7,success,32.725024938583374,0.47073774882474784
9,heuristic_or,7,success,0.16045904159545898,0.47073774882474784
9,exact_milp,8,success,71.74898672103882,0.45143693870658663
9,exact_ortools_vrp,8,success,11.943100929260254,0.45143693870658663
9,heuristic_or,8,success,0.12976765632629395,0.45143693870658663
9,exact_milp,9,success,95.65735459327698,0.5188753032473147
9,exact_ortools_vrp,9,success,78.31200933456421,0.5188753032473148
9,heuristic_or,9,success,0.37795305252075195,0.5188753032473148
9,exact_milp,10,success,196.1611032485962,0.4132053529779186
9,exact_ortools_vrp,10,success,39.37744212150574,0.4132053529779186
9,heuristic_or,10,success,0.19796490669250488,0.41320535297791866
9,exact_milp,11,success,4.9349424839019775,0.3716609510171225
9,exact_ortools_vrp,11,success,16.307192087173462,0.3716609510171225
9,heuristic_or,11,success,0.052339792251586914,0.3716609510171225
9,exact_milp,12,success,3.226386308670044,0.23985642820494166
9,exact_ortools_vrp,12,success,3.8767058849334717,0.23985642820494166
9,heuristic_or,12,success,0.08752799034118652,0.2398564282049416
9,exact_milp,13,success,2.3516571521759033,0.3261131760329518
9,exact_ortools_vrp,13,success,32.11395311355591,0.3261131760329518
9,heuristic_or,13,success,0.12418532371520996,0.32611317603295187
9,exact_milp,14,success,80.45834589004517,0.5272074768392341
9,exact_ortools_vrp,14,success,38.754783391952515,0.5272074768392341
9,heuristic_or,14,success,0.09252190589904785,0.5272074768392341
9,exact_milp,15,success,7.943547248840332,0.36889219564190945
9,exact_ortools_vrp,15,success,41.24327039718628,0.36889219564190945
9,heuristic_or,15,success,0.24877238273620605,0.36889219564190945
9,exact_milp,16,success,2.3609771728515625,0.3667628440952603
9,exact_ortools_vrp,16,success,140.0097930431366,0.3667628440952603
9,heuristic_or,16,success,0.12581324577331543,0.36676284409526033
9,exact_milp,17,success,1.129453420639038,0.3330410092819166
9,exact_ortools_vrp,17,success,14.526654481887817,0.3330410092819166
9,heuristic_or,17,success,0.08610963821411133,0.33304100928191666
9,exact_milp,18,success,15.08107852935791,0.4099833219058491
9,exact_ortools_vrp,18,success,232.89618563652039,0.4099833219058491
9,heuristic_or,18,success,0.12349581718444824,0.4099833219058491
9,exact_milp,19,success,1.5064961910247803,0.33869527025122337
9,exact_ortools_vrp,19,success,29.82831120491028,0.33869527025122337
9,heuristic_or,19,success,0.08649301528930664,0.33869527025122337
9,exact_milp,20,success,15.441890954971313,0.49540843256778694
9,exact_ortools_vrp,20,success,139.42821288108826,0.48669059871563686
9,heuristic_or,20,success,0.35234546661376953,0.48669059871563686
9,exact_milp,21,success,6.120224714279175,0.36637298603537694
9,exact_ortools_vrp,21,success,9.828760623931885,0.36637298603537694
9,heuristic_or,21,success,0.06843400001525879,0.36637298603537694
9,exact_milp,22,success,9.302169799804688,0.42107320794617764
9,exact_ortools_vrp,22,success,16.949574947357178,0.42107320794617764
9,heuristic_or,22,success,0.34508275985717773,0.42107320794617764
9,exact_milp,23,success,4.350631237030029,0.39096743223113983
9,exact_ortools_vrp,23,success,4.740342378616333,0.39096743223113983
9,heuristic_or,23,success,0.06680440902709961,0.39096743223113983
9,exact_milp,24,success,16.253846645355225,0.3516549555732284
9,exact_ortools_vrp,24,success,70.79601168632507,0.3516549555732284
9,heuristic_or,24,success,0.06701517105102539,0.3516549555732284
9,exact_milp,25,success,333.24350571632385,0.425979252419966
9,exact_ortools_vrp,25,success,49.3296480178833,0.425979252419966
9,heuristic_or,25,success,0.06625819206237793,0.4259792524199659
9,exact_milp,26,success,51.30149817466736,0.45457710193724044
9,exact_ortools_vrp,26,success,71.44778680801392,0.45457710193724044
9,heuristic_or,26,success,0.16130828857421875,0.45457710193724044
9,exact_milp,27,success,24.21021032333374,0.4482540304595592
9,exact_ortools_vrp,27,success,574.500022649765,0.4482540304595592
9,heuristic_or,27,success,0.3968541622161865,0.4482540304595592
9,exact_milp,28,success,8.503885746002197,0.39581139502496554
9,exact_ortools_vrp,28,success,31.741947650909424,0.39581139502496554
9,heuristic_or,28,success,0.0886697769165039,0.39581139502496554
9,exact_milp,29,success,25.5120906829834,0.3972496075591493
9,exact_ortools_vrp,29,success,95.92874956130981,0.35447152765520773
9,heuristic_or,29,success,0.4257678985595703,0.35447152765520773
9,exact_milp,30,success,17.611804008483887,0.5409110479336118
9,exact_ortools_vrp,30,success,87.1162621974945,0.5409110479336118
9,heuristic_or,30,success,0.14194297790527344,0.5409110479336118
9,exact_milp,31,success,12.189656972885132,0.3624988696807359
9,exact_ortools_vrp,31,success,6.538031339645386,0.36249886968073597
9,heuristic_or,31,success,0.07595467567443848,0.3624988696807359
9,exact_milp,32,success,6.388996839523315,0.291799953915486
9,exact_ortools_vrp,32,success,50.48593306541443,0.291799953915486
9,heuristic_or,32,success,0.09782195091247559,0.2920480927605259
9,exact_milp,33,success,4.7345685958862305,0.32209617958580744
9,exact_ortools_vrp,33,success,85.67387795448303,0.3220961795858075
9,heuristic_or,33,success,0.10971617698669434,0.3220961795858075
9,exact_milp,34,success,13.65025281906128,0.472281301297235
9,exact_ortools_vrp,34,success,135.54608130455017,0.472281301297235
9,heuristic_or,34,success,0.21906638145446777,0.472281301297235
9,exact_milp,35,success,9.53420615196228,0.3355759284798648
9,exact_ortools_vrp,35,success,20.64390516281128,0.3355759284798648
9,heuristic_or,35,success,0.08675527572631836,0.3355759284798648
9,exact_milp,36,success,3.3316080570220947,0.3695724310369839
9,exact_ortools_vrp,36,success,49.82590937614441,0.3695724310369839
9,heuristic_or,36,success,0.12798666954040527,0.3695724310369839
9,exact_milp,37,success,11.01371455192566,0.290479051495214
9,exact_ortools_vrp,37,success,15.789361000061035,0.2904790514952141
9,heuristic_or,37,success,0.11404848098754883,0.2904790514952141
9,exact_milp,38,success,16.651800870895386,0.38661992587724103
9,exact_ortools_vrp,38,success,28.787964820861816,0.38661992587724103
9,heuristic_or,38,success,0.1147756576538086,0.38661992587724103
9,exact_milp,39,success,1.4425489902496338,0.35614790830028936
9,exact_ortools_vrp,39,success,63.922582149505615,0.3561479083002894
9,heuristic_or,39,success,0.11782360076904297,0.35614790830028936
9,exact_milp,40,success,186.41890382766724,0.47526931868863453
9,exact_ortools_vrp,40,success,219.3029820919037,0.47526931868863453
9,heuristic_or,40,success,0.12979650497436523,0.47526931868863465
9,exact_milp,41,success,5.313477039337158,0.38714272170625547
9,exact_ortools_vrp,41,success,8.02405858039856,0.38714272170625547
9,heuristic_or,41,success,0.12136006355285645,0.38714272170625547
9,exact_milp,42,success,34.85636639595032,0.5136171968556731
9,exact_ortools_vrp,42,success,21.096097946166992,0.5136171968556731
9,heuristic_or,42,success,0.22037768363952637,0.5136171968556731
9,exact_milp,43,success,8.974914312362671,0.33476910767688384
9,exact_ortools_vrp,43,success,25.02828621864319,0.33476910767688395
9,heuristic_or,43,success,0.12036275863647461,0.3347691076768839
9,exact_milp,44,success,95.71863436698914,0.4575413198378791
9,exact_ortools_vrp,44,success,23.6216983795166,0.4575413198378791
9,heuristic_or,44,success,0.07099318504333496,0.4575413198378791
9,exact_milp,45,success,194.88828301429749,0.44406356748214687
9,exact_ortools_vrp,45,success,183.90454030036926,0.4440635674821469
9,heuristic_or,45,success,0.2873828411102295,0.44406356748214687
9,exact_milp,46,success,62.10312867164612,0.4888587332937383
9,exact_ortools_vrp,46,success,162.98634266853333,0.4888587332937383
9,heuristic_or,46,success,0.14374494552612305,0.4888587332937383
9,exact_milp,47,success,21.61995768547058,0.4332017036246226
9,exact_ortools_vrp,47,success,33.49100708961487,0.4332017036246226
9,heuristic_or,47,success,0.12338805198669434,0.4332017036246226
9,exact_milp,48,success,791.9753699302673,0.6376277299904345
9,exact_ortools_vrp,48,success,259.7506103515625,0.6376277299904345
9,heuristic_or,48,success,0.08149480819702148,0.6376277299904346
9,exact_milp,49,success,21.15729308128357,0.4267483841871985
9,exact_ortools_vrp,49,success,65.0264585018158,0.4267483841871985
9,heuristic_or,49,success,0.08704900741577148,0.42674838418719857
9,exact_milp,50,success,3.056769371032715,0.3260626673809824
9,exact_ortools_vrp,50,success,117.5714123249054,0.32606266738098233
9,heuristic_or,50,success,0.10739994049072266,0.32606266738098233
9,exact_milp,51,success,26.55821132659912,0.5153735335669295
9,exact_ortools_vrp,51,success,182.35921430587769,0.5153735335669296
9,heuristic_or,51,success,0.13690805435180664,0.5153735335669296
9,exact_milp,52,success,31.5412700176239,0.4605956505121662
9,exact_ortools_vrp,52,success,83.63153743743896,0.4605956505121662
9,heuristic_or,52,success,0.3961830139160156,0.4605956505121662
9,exact_milp,53,success,124.19035863876343,0.5086625228875001
9,exact_ortools_vrp,53,success,330.97294092178345,0.5086625228875001
9,heuristic_or,53,success,1.5474817752838135,0.5086625228875002
9,exact_milp,54,success,415.42780089378357,0.5289861985405709
9,exact_ortools_vrp,54,success,137.15242385864258,0.5289861985405709
9,heuristic_or,54,success,0.18324995040893555,0.528986198540571
9,exact_milp,55,success,14.327709436416626,0.3862895692272326
9,exact_ortools_vrp,55,success,69.60047268867493,0.3862895692272327
9,heuristic_or,55,success,0.09671688079833984,0.3862895692272326
9,exact_milp,56,success,0.672508955001831,0.34164135305821897
9,exact_ortools_vrp,56,success,16.785103797912598,0.3416413530582189
9,heuristic_or,56,success,0.14599967002868652,0.34164135305821897
9,exact_milp,57,success,5.8838653564453125,0.3725615905342409
9,exact_ortools_vrp,57,success,90.76783394813538,0.372561590534241
9,heuristic_or,57,success,0.10998773574829102,0.3725615905342409
9,exact_milp,58,success,2.302000045776367,0.3714305189316436
9,exact_ortools_vrp,58,success,12.402860879898071,0.3714305189316435
9,heuristic_or,58,success,0.060419559478759766,0.3714305189316436
9,exact_milp,59,success,35.4013135433197,0.5017904617350233
9,exact_ortools_vrp,59,success,249.9478440284729,0.5017904617350234
9,heuristic_or,59,success,0.7687368392944336,0.5017904617350234
9,exact_milp,60,success,5.156142950057983,0.3304779716963348
9,exact_ortools_vrp,60,success,5.670955419540405,0.33047797169633486
9,heuristic_or,60,success,0.10535860061645508,0.3304779716963348
9,exact_milp,61,success,24.373090744018555,0.4000867607956169
9,exact_ortools_vrp,61,success,29.08893609046936,0.4000867607956169
9,heuristic_or,61,success,0.07235050201416016,0.4000867607956169
9,exact_milp,62,success,9.891788721084595,0.40287755586209323
9,exact_ortools_vrp,62,success,43.642059326171875,0.4028775558620933
9,heuristic_or,62,success,0.17541074752807617,0.4028775558620933
9,exact_milp,63,success,2.4527809619903564,0.4270730292541292
9,exact_ortools_vrp,63,success,0.7499079704284668,0.42707302925412916
9,heuristic_or,63,success,0.06299304962158203,0.42707302925412916
9,exact_milp,64,success,50.92647576332092,0.4487216667682464
9,exact_ortools_vrp,64,success,29.89675235748291,0.4487216667682464
9,heuristic_or,64,success,0.1384878158569336,0.4487216667682464
9,exact_milp,65,success,149.90149855613708,0.42491461860204616
9,exact_ortools_vrp,65,success,603.2645037174225,0.42491461860204616
9,heuristic_or,65,success,0.5040616989135742,0.42491461860204616
9,exact_milp,66,success,18.25568723678589,0.4867470059941795
9,exact_ortools_vrp,66,success,26.406819343566895,0.4867470059941795
9,heuristic_or,66,success,0.15833711624145508,0.4867470059941794
9,exact_milp,67,success,39.35737752914429,0.4669304108121744
9,exact_ortools_vrp,67,success,49.08190202713013,0.46693041081217423
9,heuristic_or,67,success,0.31203746795654297,0.46693041081217435
9,exact_milp,68,success,20.571483612060547,0.49974168115786216
9,exact_ortools_vrp,68,success,27.624491453170776,0.49974168115786216
9,heuristic_or,68,success,0.10982036590576172,0.4997416811578621
9,exact_milp,69,success,50.708353757858276,0.4123503593047053
9,exact_ortools_vrp,69,success,53.06109595298767,0.4123503593047053
9,heuristic_or,69,success,0.11758279800415039,0.4123503593047053
9,exact_milp,70,success,19.713006019592285,0.4832251027748199
9,exact_ortools_vrp,70,success,45.3967866897583,0.4832251027748199
9,heuristic_or,70,success,0.10416150093078613,0.4832251027748199
9,exact_milp,71,success,2.0766711235046387,0.406113680018471
9,exact_ortools_vrp,71,success,3.0696818828582764,0.406113680018471
9,heuristic_or,71,success,0.058600425720214844,0.406113680018471
9,exact_milp,72,success,32.210267305374146,0.4428733057687195
9,exact_ortools_vrp,72,success,80.14030838012695,0.4428733057687195
9,heuristic_or,72,success,0.13792753219604492,0.4428733057687196
9,exact_milp,73,success,43.127389907836914,0.5438246855029812
9,exact_ortools_vrp,73,success,33.34793829917908,0.5438246855029812
9,heuristic_or,73,success,0.1869666576385498,0.5438246855029812
9,exact_milp,74,success,72.01045393943787,0.4801321868127694
9,exact_ortools_vrp,74,success,114.21045160293579,0.4801321868127694
9,heuristic_or,74,success,0.16053509712219238,0.4801321868127693
9,exact_milp,75,success,6.931469678878784,0.36329860370471445
9,exact_ortools_vrp,75,success,5.300947189331055,0.36329860370471445
9,heuristic_or,75,success,0.12682104110717773,0.3632986037047145
9,exact_milp,76,success,89.00285911560059,0.3692337599001114
9,exact_ortools_vrp,76,success,67.93629431724548,0.3692337599001115
9,heuristic_or,76,success,0.05264139175415039,0.3692337599001114
9,exact_milp,77,success,4.721161127090454,0.3683269621679856
9,exact_ortools_vrp,77,success,19.591323852539062,0.36832696216798566
9,heuristic_or,77,success,0.05835580825805664,0.36832696216798566
9,exact_milp,78,success,9.985246896743774,0.3889844770397046
9,exact_ortools_vrp,78,success,24.26907253265381,0.38898447703970457
9,heuristic_or,78,success,0.11717367172241211,0.3889844770397046
9,exact_milp,79,success,14.523619890213013,0.45143541023668
9,exact_ortools_vrp,79,success,223.38754963874817,0.45143541023668
9,heuristic_or,79,success,0.05256509780883789,0.4514354102366801
9,exact_milp,80,success,5.544113397598267,0.3921965565466652
9,exact_ortools_vrp,80,success,3.1850860118865967,0.3921965565466652
9,heuristic_or,80,success,0.0643758773803711,0.3921965565466652
9,exact_milp,81,success,0.9473483562469482,0.2929743272024417
9,exact_ortools_vrp,81,success,4.023123741149902,0.2929743272024417
9,heuristic_or,81,success,0.08582186698913574,0.2929743272024417
9,exact_milp,82,success,34.88476204872131,0.3724872942872897
9,exact_ortools_vrp,82,success,110.48277711868286,0.37248729428728977
9,heuristic_or,82,success,0.06945323944091797,0.3724872942872898
9,exact_milp,83,success,45.363444328308105,0.5072404132610965
9,exact_ortools_vrp,83,success,52.77350735664368,0.5072404132610965
9,heuristic_or,83,success,0.13179826736450195,0.5073268801344942
9,exact_milp,84,success,175.62716794013977,0.3959609903011982
9,exact_ortools_vrp,84,success,89.07511329650879,0.3959609903011982
9,heuristic_or,84,success,0.22535490989685059,0.39596099030119825
9,exact_milp,85,success,34.80495262145996,0.48168865634123353
9,exact_ortools_vrp,85,success,176.37996649742126,0.46025928862125554
9,heuristic_or,85,success,1.5621225833892822,0.46025928862125554
9,exact_milp,86,success,6.229047775268555,0.4039143771286995
9,exact_ortools_vrp,86,success,58.784764766693115,0.4039143771286995
9,heuristic_or,86,success,0.2293870449066162,0.40391437712869943
9,exact_milp,87,success,637.3690280914307,0.5733331848591656
9,exact_ortools_vrp,87,success,650.1935148239136,0.5733331848591655
9,heuristic_or,87,success,0.08147954940795898,0.5733331848591655
9,exact_milp,88,success,3.9452919960021973,0.4232878269528337
9,exact_ortools_vrp,88,success,6.43120813369751,0.4232878269528337
9,heuristic_or,88,success,0.08370232582092285,0.4232878269528336
9,exact_milp,89,success,95.63287162780762,0.5255302003842839
9,exact_ortools_vrp,89,success,245.26830410957336,0.5255302003842839
9,heuristic_or,89,success,0.5507071018218994,0.5255302003842839
9,exact_milp,90,success,15.916489362716675,0.373958028964098
9,exact_ortools_vrp,90,success,44.78988003730774,0.37395802896409797
9,heuristic_or,90,success,0.1368260383605957,0.373958028964098
9,exact_milp,91,success,323.8878228664398,0.4408122781955945
9,exact_ortools_vrp,91,success,287.3519320487976,0.4408122781955945
9,heuristic_or,91,success,0.23557066917419434,0.44081227819559454
9,exact_milp,92,success,5.365461826324463,0.41033854503666456
9,exact_ortools_vrp,92,success,12.021651268005371,0.41033854503666445
9,heuristic_or,92,success,0.09845662117004395,0.4103385450366645
9,exact_milp,93,success,93.22639441490173,0.4151043571918089
9,exact_ortools_vrp,93,success,270.50198674201965,0.3856122508613955
9,heuristic_or,93,success,1.6443474292755127,0.3856122508613955
9,exact_milp,94,success,23.9083092212677,0.4340480486964292
9,exact_ortools_vrp,94,success,72.9390857219696,0.4340480486964292
9,heuristic_or,94,success,0.07930397987365723,0.43404804869642916
9,exact_milp,95,success,20.235894680023193,0.4170253759749133
9,exact_ortools_vrp,95,success,35.87321400642395,0.4170253759749133
9,heuristic_or,95,success,0.07510995864868164,0.41702537597491335
9,exact_milp,96,success,4.526860237121582,0.2876575277283191
9,exact_ortools_vrp,96,success,17.521292448043823,0.2876575277283191
9,heuristic_or,96,success,0.05825161933898926,0.2876575277283192
9,exact_milp,97,success,11.753422975540161,0.39568965464423794
9,exact_ortools_vrp,97,success,20.244539737701416,0.39568965464423794
9,heuristic_or,97,success,0.07153439521789551,0.395689654644238
9,exact_milp,98,success,5.081413269042969,0.4043097089257218
9,exact_ortools_vrp,98,success,27.361817836761475,0.4043097089257219
9,heuristic_or,98,success,0.09670352935791016,0.40430970892572193
9,exact_milp,99,success,11.028976917266846,0.33309051128567974
9,exact_ortools_vrp,99,success,23.733349084854126,0.3330905112856797
9,heuristic_or,99,success,0.15302658081054688,0.3330905112856797
9,exact_milp,100,success,4.7764222621917725,0.34016840789023195
9,exact_ortools_vrp,100,success,3.448967695236206,0.34016840789023195
9,heuristic_or,100,success,0.06590723991394043,0.3401684078902319
