instance_id,cost,cpc,num_vehicles,solve_time,is_optimal
0,4.40264,0.440264,3,7.415726184844971,True
1,4.04042,0.404042,3,7.416041851043701,True
2,4.84879,0.484879,3,7.416276216506958,True
3,4.25667,0.42566699999999996,3,7.416506052017212,True
4,4.4685,0.44684999999999997,3,7.416736125946045,True
5,4.08486,0.408486,3,7.416966915130615,True
6,4.98754,0.49875400000000003,3,7.417985439300537,True
7,4.68197,0.468197,3,7.41821813583374,True
8,3.83944,0.383944,3,7.418467044830322,True
9,4.5103,0.45103,3,7.418704986572266,True
10,3.91027,0.391027,3,7.29472279548645,True
11,3.47764,0.347764,3,7.294989824295044,True
12,4.42966,0.442966,3,7.295228958129883,True
13,4.14129,0.41412899999999997,3,7.2954652309417725,True
14,4.5406,0.45406,3,7.295699596405029,True
15,5.04958,0.504958,3,7.295943975448608,True
16,5.2497,0.5249699999999999,3,7.296175241470337,True
17,4.71623,0.471623,3,7.2964026927948,True
18,4.46618,0.44661799999999996,3,7.296627998352051,True
19,4.56015,0.456015,3,7.296855449676514,True
20,3.86325,0.386325,3,7.229387521743774,True
21,4.15577,0.41557700000000003,3,7.229643106460571,True
22,6.01361,0.601361,3,7.229876279830933,True
23,5.49123,0.549123,3,7.230104207992554,True
24,4.23644,0.423644,3,7.230334281921387,True
25,4.85751,0.48575100000000004,3,7.230561017990112,True
26,4.01528,0.401528,3,7.230787515640259,True
27,5.3536,0.5353600000000001,3,7.2310216426849365,True
28,3.87499,0.387499,3,7.231253623962402,True
29,4.10193,0.41019300000000003,3,7.231482982635498,True
30,4.91875,0.491875,3,7.308615684509277,True
31,4.80936,0.480936,3,7.30887508392334,True
32,5.65881,0.565881,3,7.309107542037964,True
33,4.09476,0.409476,3,7.309338331222534,True
34,5.15213,0.5152129999999999,3,7.3095643520355225,True
35,3.50188,0.350188,3,7.309791803359985,True
36,4.54513,0.45451300000000006,3,7.310020685195923,True
37,3.43813,0.34381300000000004,3,7.310257434844971,True
38,4.06982,0.406982,3,7.310484886169434,True
39,4.46195,0.446195,3,7.3107123374938965,True
40,3.61159,0.361159,3,7.278190851211548,True
41,5.32818,0.532818,3,7.278449296951294,True
42,4.51697,0.45169699999999996,3,7.27870774269104,True
43,5.46067,0.5460670000000001,3,7.278943061828613,True
44,4.68225,0.468225,3,7.279179334640503,True
45,4.53513,0.45351299999999994,3,7.279426574707031,True
46,3.60839,0.360839,3,7.279662847518921,True
47,4.68856,0.468856,3,7.279902219772339,True
48,4.38281,0.43828100000000003,3,7.280128240585327,True
49,3.76722,0.376722,3,7.280358791351318,True
50,3.66513,0.366513,3,7.18819785118103,True
51,4.40991,0.440991,3,7.188443183898926,True
52,5.27913,0.5279130000000001,3,7.1886773109436035,True
53,3.92263,0.392263,3,7.188906192779541,True
54,4.80095,0.48009500000000005,3,7.189135313034058,True
55,4.95694,0.495694,3,7.18936562538147,True
56,4.45465,0.445465,3,7.189592599868774,True
57,3.89704,0.389704,3,7.189818620681763,True
58,5.29679,0.529679,3,7.190056562423706,True
59,4.61303,0.461303,3,7.190282583236694,True
60,4.28198,0.42819799999999997,3,7.152324676513672,True
61,4.19399,0.419399,3,7.152578115463257,True
62,3.97699,0.39769899999999997,3,7.1528449058532715,True
63,4.85905,0.485905,3,7.153079986572266,True
64,5.26763,0.526763,3,7.153315782546997,True
65,4.9224,0.49223999999999996,3,7.15355110168457,True
66,4.42637,0.44263700000000006,3,7.1537864208221436,True
67,4.23948,0.42394800000000005,3,7.154027938842773,True
68,4.54177,0.45417699999999994,3,7.154254913330078,True
69,5.17009,0.517009,3,7.1544811725616455,True
70,4.84224,0.48422400000000004,3,7.259254693984985,True
71,4.8292,0.48292,3,7.259504079818726,True
72,3.72401,0.372401,3,7.259735107421875,True
73,4.31111,0.431111,3,7.259962797164917,True
74,5.71158,0.5711579999999999,3,7.260188817977905,True
75,3.4277,0.34277,3,7.260415315628052,True
76,5.14616,0.514616,3,7.260671615600586,True
77,3.9493,0.39493,3,7.260907173156738,True
78,4.57494,0.45749399999999996,3,7.2611424922943115,True
79,6.15808,0.615808,3,7.261382818222046,True
80,5.29809,0.529809,3,7.162351369857788,True
81,5.61309,0.561309,3,7.162596702575684,True
82,5.01986,0.501986,3,7.162825107574463,True
83,5.11065,0.511065,3,7.163052797317505,True
84,4.00225,0.400225,3,7.163281440734863,True
85,5.31813,0.531813,3,7.163508176803589,True
86,3.59399,0.35939899999999997,3,7.1637349128723145,True
87,4.8226,0.48226,3,7.163961887359619,True
88,4.05056,0.40505599999999997,4,7.164217948913574,True
89,5.85888,0.585888,3,7.164446115493774,True
90,3.12249,0.312249,3,7.3686442375183105,True
91,4.26304,0.426304,3,7.36890172958374,True
92,4.39955,0.439955,3,7.369138479232788,True
93,5.04799,0.504799,3,7.369377136230469,True
94,4.21722,0.42172200000000004,3,7.369621515274048,True
95,5.29949,0.529949,3,7.369848251342773,True
96,4.45923,0.44592299999999996,3,7.370074987411499,True
97,3.96542,0.396542,3,7.370301723480225,True
98,3.89491,0.389491,3,7.370527505874634,True
99,4.28435,0.428435,3,7.370753049850464,True
100,4.50474,0.450474,3,7.354222059249878,True
101,4.10835,0.41083499999999995,3,7.354465484619141,True
102,5.14402,0.514402,3,7.354695081710815,True
103,4.7752,0.47752,3,7.354923963546753,True
104,4.40477,0.440477,3,7.35515284538269,True
105,3.39012,0.339012,3,7.355407953262329,True
106,5.84287,0.584287,3,7.355644226074219,True
107,4.45659,0.445659,3,7.355878591537476,True
108,4.03663,0.403663,3,7.356113910675049,True
109,4.21247,0.421247,3,7.356358766555786,True
110,4.52463,0.452463,3,7.201762914657593,True
111,4.86475,0.486475,3,7.202000379562378,True
112,4.86567,0.48656699999999997,3,7.202228546142578,True
113,3.82134,0.38213400000000003,3,7.202455997467041,True
114,4.24708,0.42470800000000003,3,7.202682971954346,True
115,5.15552,0.515552,3,7.202908992767334,True
116,3.6078,0.36078,3,7.203135967254639,True
117,5.30116,0.530116,3,7.203366041183472,True
118,3.13293,0.313293,3,7.203591823577881,True
119,5.03294,0.503294,3,7.2038185596466064,True
120,4.91318,0.491318,3,7.32302713394165,True
121,3.86321,0.386321,3,7.323278188705444,True
122,4.2261,0.42261,3,7.32350754737854,True
123,5.81626,0.581626,3,7.323743581771851,True
124,3.99193,0.399193,3,7.323973894119263,True
125,5.43579,0.543579,3,7.324226379394531,True
126,5.32302,0.5323019999999999,3,7.32446026802063,True
127,4.88641,0.488641,3,7.324694871902466,True
128,4.59588,0.459588,3,7.32492995262146,True
129,4.28799,0.428799,3,7.325164318084717,True
130,4.9055,0.49055,3,7.249781847000122,True
131,4.67249,0.46724899999999997,3,7.2500317096710205,True
132,6.19293,0.619293,3,7.250267267227173,True
133,5.35156,0.535156,3,7.25050163269043,True
134,4.37005,0.437005,3,7.25074577331543,True
135,4.84983,0.484983,3,7.250971555709839,True
136,4.81265,0.48126499999999994,3,7.2511982917785645,True
137,3.91246,0.391246,3,7.251425743103027,True
138,4.78949,0.47894899999999996,3,7.25165319442749,True
139,5.83241,0.583241,3,7.25187873840332,True
140,4.81591,0.481591,3,7.233651161193848,True
141,5.82749,0.582749,3,7.233895778656006,True
142,3.96147,0.39614699999999997,3,7.234136581420898,True
143,5.08355,0.508355,3,7.23436427116394,True
144,4.6563,0.46563,3,7.234590530395508,True
145,5.054,0.5054000000000001,3,7.234817266464233,True
146,4.73141,0.47314100000000003,3,7.23504376411438,True
147,4.67141,0.467141,3,7.235270023345947,True
148,5.33978,0.5339780000000001,3,7.235496759414673,True
149,4.31434,0.431434,3,7.235722780227661,True
150,4.89379,0.489379,3,7.3299055099487305,True
151,4.00252,0.40025199999999994,3,7.330142021179199,True
152,3.92531,0.392531,3,7.330370903015137,True
153,5.1918,0.51918,3,7.330598831176758,True
154,5.05075,0.5050749999999999,3,7.330826997756958,True
155,2.85918,0.285918,3,7.331081390380859,True
156,5.12623,0.5126229999999999,3,7.331317901611328,True
157,4.67671,0.467671,3,7.331554174423218,True
158,4.70734,0.47073400000000004,3,7.331789016723633,True
159,4.88791,0.488791,3,7.332025051116943,True
160,4.10435,0.410435,3,8.006792068481445,True
161,4.33356,0.433356,3,8.007036447525024,True
162,4.13761,0.41376099999999993,3,8.007264614105225,True
163,4.74115,0.474115,3,8.007493734359741,True
164,5.80372,0.580372,3,8.007722616195679,True
165,3.91551,0.391551,3,8.007951736450195,True
166,5.1679,0.5167900000000001,3,8.008182525634766,True
167,4.53536,0.453536,3,8.008410930633545,True
168,3.87119,0.387119,3,8.008635759353638,True
169,4.67461,0.467461,3,8.008859634399414,True
170,3.25035,0.325035,3,10.255900621414185,True
171,5.07063,0.507063,2,10.256134748458862,True
172,4.61234,0.461234,2,10.256366729736328,True
173,5.01291,0.5012909999999999,2,10.256577253341675,True
174,4.42148,0.442148,2,10.256787300109863,True
175,3.61962,0.361962,3,10.257029294967651,True
176,4.10569,0.410569,3,10.257269144058228,True
177,4.51574,0.45157400000000003,2,10.257479190826416,True
178,4.46195,0.446195,2,10.257697820663452,True
179,4.40881,0.44088099999999997,2,10.257901191711426,True
180,4.30475,0.43047500000000005,3,7.264563798904419,True
181,4.0812,0.40812,3,7.264816761016846,True
182,4.20295,0.42029500000000003,3,7.265074014663696,True
183,4.97584,0.49758399999999997,3,7.265301704406738,True
184,5.03973,0.503973,3,7.265530824661255,True
185,5.74868,0.574868,3,7.265759229660034,True
186,3.30339,0.330339,3,7.266005516052246,True
187,3.56582,0.356582,3,7.266232967376709,True
188,5.70284,0.570284,3,7.266462802886963,True
189,4.62285,0.46228499999999995,3,7.2666895389556885,True
190,4.37638,0.437638,3,7.293837070465088,True
191,5.13149,0.5131490000000001,3,7.294070482254028,True
192,4.19461,0.419461,3,7.294298887252808,True
193,4.1953,0.41952999999999996,3,7.294525623321533,True
194,4.26559,0.426559,3,7.294751405715942,True
195,3.42224,0.342224,3,7.294977188110352,True
196,3.87066,0.387066,3,7.295202732086182,True
197,5.59438,0.559438,3,7.295428276062012,True
198,4.37652,0.43765200000000004,3,7.29566502571106,True
199,5.89419,0.589419,3,7.295892000198364,True
200,4.57399,0.457399,4,7.097400665283203,True
201,5.71704,0.571704,3,7.0976479053497314,True
202,5.44784,0.544784,3,7.097878932952881,True
203,4.49972,0.449972,3,7.098133325576782,True
204,4.62403,0.462403,3,7.098369836807251,True
205,3.50654,0.350654,3,7.098607540130615,True
206,4.01332,0.401332,4,7.098879337310791,True
207,5.60969,0.5609689999999999,3,7.099117040634155,True
208,4.85884,0.485884,3,7.099359035491943,True
209,5.48357,0.548357,4,7.09961199760437,True
210,4.88199,0.488199,3,7.1490159034729,True
211,3.2374,0.32374,3,7.149253845214844,True
212,5.16874,0.516874,3,7.149483919143677,True
213,5.80756,0.5807559999999999,3,7.149711847305298,True
214,5.18836,0.5188360000000001,3,7.149939060211182,True
215,4.00293,0.400293,3,7.150166749954224,True
216,5.64854,0.564854,3,7.150393486022949,True
217,4.92157,0.492157,3,7.150619983673096,True
218,4.62659,0.46265900000000004,3,7.150845527648926,True
219,5.94001,0.594001,3,7.151071548461914,True
220,4.2747,0.42747,3,7.227527141571045,True
221,4.74595,0.474595,3,7.227763652801514,True
222,4.20991,0.420991,3,7.227994441986084,True
223,4.44835,0.444835,3,7.228222370147705,True
224,4.02159,0.402159,3,7.228449821472168,True
225,5.76618,0.5766180000000001,3,7.228682994842529,True
226,3.08014,0.308014,3,7.228909254074097,True
227,5.518,0.5518,3,7.229136228561401,True
228,4.47837,0.447837,3,7.229382038116455,True
229,3.84741,0.384741,3,7.229617118835449,True
230,3.31432,0.331432,3,7.160999536514282,True
231,4.22985,0.422985,3,7.161243438720703,True
232,5.78997,0.578997,3,7.161473751068115,True
233,5.95986,0.595986,3,7.161730527877808,True
234,4.51277,0.451277,3,7.1619672775268555,True
235,3.51402,0.351402,3,7.162207126617432,True
236,3.55765,0.355765,3,7.162442445755005,True
237,5.43958,0.543958,3,7.162677764892578,True
238,4.92378,0.492378,3,7.1629180908203125,True
239,5.03083,0.503083,3,7.163145065307617,True
240,3.6285,0.36285,3,7.203613519668579,True
241,3.89132,0.389132,3,7.20387077331543,True
242,5.66454,0.566454,3,7.204107284545898,True
243,6.57193,0.657193,3,7.204342365264893,True
244,5.6368,0.56368,3,7.204578161239624,True
245,4.85111,0.485111,3,7.204813241958618,True
246,4.23397,0.423397,3,7.205054044723511,True
247,4.43822,0.44382200000000005,3,7.205298185348511,True
248,5.03256,0.503256,3,7.205531597137451,True
249,4.99995,0.499995,3,7.205766916275024,True
250,5.39078,0.5390780000000001,3,7.194189548492432,True
251,4.64902,0.46490200000000004,3,7.194451808929443,True
252,4.27903,0.427903,3,7.194687843322754,True
253,5.0497,0.5049699999999999,3,7.1949310302734375,True
254,4.32143,0.43214300000000005,3,7.195157527923584,True
255,6.19748,0.619748,3,7.195385456085205,True
256,4.4518,0.44518,3,7.195612907409668,True
257,5.23539,0.523539,3,7.195860147476196,True
258,4.63693,0.463693,3,7.196093797683716,True
259,6.34973,0.634973,3,7.196331262588501,True
260,4.31828,0.431828,3,7.4527318477630615,True
261,4.21242,0.421242,3,7.453004837036133,True
262,6.00133,0.600133,3,7.453234672546387,True
263,4.12581,0.41258100000000003,3,7.453462839126587,True
264,3.91263,0.391263,3,7.4536895751953125,True
265,4.68301,0.468301,3,7.453916788101196,True
266,5.00952,0.5009520000000001,3,7.454143047332764,True
267,3.9674,0.39674,3,7.454370021820068,True
268,4.8768,0.48768,3,7.454596042633057,True
269,4.92089,0.492089,3,7.454823017120361,True
270,5.46865,0.546865,3,7.1910974979400635,True
271,6.00269,0.600269,3,7.191333055496216,True
272,5.42214,0.542214,3,7.1915669441223145,True
273,4.67761,0.467761,3,7.191795587539673,True
274,4.56014,0.456014,3,7.192023277282715,True
275,3.69742,0.369742,3,7.1922502517700195,True
276,4.85711,0.48571099999999995,3,7.192478179931641,True
277,6.40343,0.640343,3,7.192704916000366,True
278,3.88864,0.388864,3,7.192932367324829,True
279,5.26794,0.526794,3,7.193158864974976,True
280,5.73831,0.573831,3,7.098952054977417,True
281,5.25819,0.525819,3,7.09919548034668,True
282,4.42626,0.442626,3,7.099424123764038,True
283,4.79614,0.47961400000000004,3,7.0996623039245605,True
284,4.83641,0.483641,3,7.099890470504761,True
285,4.38036,0.438036,3,7.100116968154907,True
286,3.38675,0.338675,3,7.100343704223633,True
287,5.52998,0.552998,3,7.100570917129517,True
288,5.67754,0.567754,3,7.100797176361084,True
289,4.64811,0.464811,3,7.101036071777344,True
290,5.88963,0.588963,3,7.083499431610107,True
291,4.02009,0.40200899999999995,3,7.083743095397949,True
292,4.9312,0.49311999999999995,4,7.08400297164917,True
293,4.82235,0.482235,3,7.08424186706543,True
294,3.76957,0.376957,3,7.084478139877319,True
295,4.0097,0.40096999999999994,3,7.084712505340576,True
296,5.976,0.5976,3,7.084961891174316,True
297,3.98719,0.398719,3,7.085197687149048,True
298,5.42689,0.542689,3,7.085432052612305,True
299,4.63129,0.463129,3,7.08566689491272,True
300,3.63132,0.363132,3,7.179954528808594,True
301,4.68364,0.46836399999999995,3,7.180200815200806,True
302,5.79579,0.5795790000000001,3,7.1804304122924805,True
303,5.06611,0.506611,3,7.180658340454102,True
304,4.67294,0.467294,3,7.18088698387146,True
305,4.80565,0.480565,3,7.181115627288818,True
306,3.93954,0.393954,3,7.181342840194702,True
307,3.59552,0.359552,4,7.181592702865601,True
308,4.24909,0.424909,3,7.181819915771484,True
309,3.78716,0.378716,3,7.182046890258789,True
310,3.65506,0.365506,3,7.2224647998809814,True
311,4.18232,0.418232,3,7.222712278366089,True
312,5.18942,0.518942,3,7.222942113876343,True
313,4.13171,0.413171,3,7.223175764083862,True
314,4.07702,0.407702,3,7.223403692245483,True
315,5.41185,0.541185,3,7.2236340045928955,True
316,4.40109,0.440109,3,7.223865985870361,True
317,5.05706,0.505706,3,7.224092483520508,True
318,4.58127,0.458127,3,7.224318742752075,True
319,3.46608,0.34660799999999997,3,7.224547863006592,True
320,6.10191,0.610191,3,7.21642541885376,True
321,5.83775,0.5837749999999999,3,7.21666145324707,True
322,4.22238,0.422238,3,7.21688985824585,True
323,4.90486,0.49048600000000003,3,7.217143535614014,True
324,4.8498,0.48498,3,7.217379093170166,True
325,5.56289,0.556289,3,7.2176148891448975,True
326,5.37039,0.537039,3,7.217848777770996,True
327,4.16111,0.416111,3,7.21808385848999,True
328,4.45383,0.445383,3,7.218322515487671,True
329,4.78726,0.478726,3,7.218547582626343,True
330,5.16474,0.516474,3,7.1055381298065186,True
331,4.09411,0.40941099999999997,3,7.105782985687256,True
332,4.0301,0.40301,3,7.106018543243408,True
333,3.80458,0.380458,3,7.106264114379883,True
334,3.87304,0.387304,3,7.106490612030029,True
335,5.73441,0.573441,3,7.106718063354492,True
336,3.37192,0.337192,3,7.106944799423218,True
337,5.31271,0.531271,3,7.107171535491943,True
338,3.76493,0.376493,3,7.107398509979248,True
339,3.86035,0.386035,3,7.107624292373657,True
340,4.38151,0.43815099999999996,3,7.494795322418213,True
341,3.87628,0.387628,3,7.495055198669434,True
342,4.65869,0.465869,3,7.495287895202637,True
343,3.79567,0.379567,3,7.4955174922943115,True
344,4.32661,0.43266099999999996,3,7.495746374130249,True
345,5.22057,0.522057,3,7.495979309082031,True
346,5.31716,0.5317160000000001,3,7.4962074756622314,True
347,5.43341,0.5433410000000001,3,7.496436834335327,True
348,5.05229,0.505229,3,7.496667146682739,True
349,4.45194,0.445194,3,7.4968955516815186,True
350,3.83096,0.383096,3,7.322608947753906,True
351,4.67586,0.467586,3,7.3228440284729,True
352,4.20938,0.42093800000000003,3,7.323075532913208,True
353,3.40735,0.340735,3,7.323302268981934,True
354,4.83914,0.48391400000000007,3,7.323528051376343,True
355,4.4995,0.44995,3,7.323755741119385,True
356,4.46893,0.44689300000000004,3,7.323981523513794,True
357,4.5974,0.45974000000000004,3,7.324206829071045,True
358,4.11143,0.41114300000000004,3,7.324432849884033,True
359,6.02472,0.602472,3,7.324659824371338,True
360,4.61877,0.461877,3,7.390830039978027,True
361,4.56817,0.45681700000000003,3,7.391078233718872,True
362,4.85385,0.48538500000000007,3,7.391331434249878,True
363,3.87153,0.38715299999999997,3,7.391567945480347,True
364,3.78541,0.378541,3,7.391802072525024,True
365,6.16383,0.616383,3,7.39203953742981,True
366,3.29412,0.329412,3,7.39227557182312,True
367,4.34038,0.434038,3,7.392524480819702,True
368,4.26073,0.426073,3,7.39275050163269,True
369,3.45823,0.345823,3,7.392978191375732,True
370,3.82781,0.382781,3,7.249853610992432,True
371,4.24124,0.42412400000000006,3,7.250123023986816,True
372,4.2612,0.42611999999999994,3,7.250351428985596,True
373,4.40747,0.440747,3,7.250578880310059,True
374,5.40448,0.540448,3,7.250805139541626,True
375,4.47593,0.447593,3,7.251031398773193,True
376,5.21534,0.521534,3,7.251258373260498,True
377,4.30489,0.430489,3,7.2514848709106445,True
378,5.44075,0.5440750000000001,3,7.25171160697937,True
379,3.77946,0.377946,3,7.251946926116943,True
380,4.87555,0.48755499999999996,3,7.2560155391693115,True
381,5.1691,0.51691,3,7.25626540184021,True
382,4.69204,0.46920400000000007,3,7.256495475769043,True
383,3.65003,0.365003,3,7.2567222118377686,True
384,4.90883,0.490883,3,7.256948471069336,True
385,4.25537,0.425537,3,7.257174968719482,True
386,3.77451,0.377451,3,7.257401704788208,True
387,5.32819,0.532819,3,7.257627248764038,True
388,4.97679,0.49767900000000004,3,7.25785231590271,True
389,4.64801,0.464801,3,7.2580788135528564,True
390,5.1682,0.51682,3,7.281913757324219,True
391,3.90454,0.39045399999999997,3,7.28216028213501,True
392,2.96828,0.296828,3,7.282388210296631,True
393,3.90175,0.390175,3,7.28261661529541,True
394,5.05553,0.505553,3,7.282845497131348,True
395,4.85251,0.485251,3,7.2830727100372314,True
396,4.34807,0.434807,3,7.283300399780273,True
397,4.69446,0.46944600000000003,3,7.283527851104736,True
398,4.66007,0.466007,3,7.283753871917725,True
399,4.13669,0.41366899999999995,3,7.284018039703369,True
400,4.37662,0.437662,3,7.105514287948608,True
401,6.11715,0.611715,3,7.105751037597656,True
402,4.44567,0.444567,3,7.1060075759887695,True
403,4.32801,0.432801,3,7.106254577636719,True
404,5.03482,0.503482,3,7.106497764587402,True
405,3.84626,0.384626,3,7.1067421436309814,True
406,4.70324,0.470324,3,7.1069862842559814,True
407,5.83523,0.583523,3,7.107232093811035,True
408,4.90948,0.49094800000000005,3,7.107458591461182,True
409,4.67132,0.467132,3,7.107685089111328,True
410,5.26921,0.526921,3,7.540053367614746,True
411,3.34178,0.334178,3,7.540290355682373,True
412,4.66217,0.466217,3,7.540525436401367,True
413,3.51409,0.35140899999999997,3,7.540775299072266,True
414,4.12169,0.412169,2,7.5409862995147705,True
415,5.30181,0.530181,2,7.541197299957275,True
416,3.44898,0.34489800000000004,3,7.541431188583374,True
417,3.45676,0.345676,3,7.541663646697998,True
418,4.1079,0.41079,3,7.541897296905518,True
419,3.93217,0.39321700000000004,3,7.542135715484619,True
420,5.09394,0.509394,3,7.291596412658691,True
421,4.28017,0.428017,3,7.291851997375488,True
422,4.82137,0.482137,3,7.292090654373169,True
423,4.12983,0.412983,3,7.292325496673584,True
424,3.39788,0.339788,3,7.292561769485474,True
425,4.8712,0.48712,3,7.292813539505005,True
426,4.8213,0.48213,3,7.293059825897217,True
427,4.49279,0.44927900000000004,3,7.293352842330933,True
428,3.6645,0.36645,3,7.293597936630249,True
429,4.99635,0.49963499999999994,3,7.293843746185303,True
430,5.3729,0.5372899999999999,3,7.248662233352661,True
431,4.86432,0.48643200000000003,3,7.248896598815918,True
432,5.45225,0.5452250000000001,3,7.24912428855896,True
433,4.39857,0.43985700000000005,3,7.249350547790527,True
434,6.12434,0.612434,3,7.249577283859253,True
435,5.19401,0.519401,3,7.249829530715942,True
436,4.49823,0.44982300000000003,3,7.250062465667725,True
437,3.88416,0.388416,3,7.250296354293823,True
438,5.24221,0.524221,3,7.250528573989868,True
439,3.97281,0.397281,3,7.250761985778809,True
440,4.22799,0.42279900000000004,3,7.181897163391113,True
441,3.809,0.3809,3,7.182131767272949,True
442,4.81092,0.481092,3,7.182360887527466,True
443,4.10494,0.410494,3,7.182599306106567,True
444,4.78331,0.478331,3,7.182826280593872,True
445,4.53512,0.453512,3,7.183053255081177,True
446,4.93968,0.493968,3,7.1832802295684814,True
447,4.36758,0.43675800000000004,3,7.183506965637207,True
448,3.41659,0.341659,3,7.183732748031616,True
449,4.48896,0.44889599999999996,4,7.1839823722839355,True
450,4.26808,0.426808,3,7.1189284324646,True
451,4.579,0.4579,3,7.119171619415283,True
452,5.29095,0.529095,3,7.119417190551758,True
453,3.82782,0.382782,3,7.11965274810791,True
454,4.07149,0.407149,3,7.1198890209198,True
455,3.83415,0.383415,3,7.120124340057373,True
456,4.40866,0.44086600000000004,3,7.120368242263794,True
457,4.19572,0.41957199999999994,3,7.120603561401367,True
458,5.51483,0.551483,3,7.120851039886475,True
459,5.01878,0.5018779999999999,3,7.121079206466675,True
460,4.21564,0.42156399999999994,3,7.280756950378418,True
461,5.21458,0.521458,3,7.280994415283203,True
462,4.23034,0.423034,3,7.2812230587005615,True
463,5.0645,0.50645,3,7.2814507484436035,True
464,4.68278,0.468278,3,7.281683921813965,True
465,4.50276,0.450276,3,7.2819108963012695,True
466,5.54446,0.554446,3,7.28213906288147,True
467,4.00406,0.400406,3,7.282366514205933,True
468,3.97824,0.397824,3,7.28259539604187,True
469,5.28329,0.528329,3,7.282842636108398,True
470,4.64294,0.46429400000000004,3,7.495880365371704,True
471,3.72168,0.372168,3,7.496131420135498,True
472,4.20886,0.420886,3,7.496362686157227,True
473,5.16266,0.516266,3,7.49659276008606,True
474,3.39175,0.339175,3,7.496819257736206,True
475,3.71789,0.37178900000000004,3,7.497069358825684,True
476,3.24972,0.324972,3,7.49733829498291,True
477,5.42782,0.542782,3,7.497575283050537,True
478,4.2885,0.42885,3,7.497812509536743,True
479,3.58877,0.358877,3,7.498050212860107,True
480,5.19218,0.519218,3,7.240218162536621,True
481,4.95886,0.49588599999999994,3,7.2404561042785645,True
482,4.53188,0.45318800000000004,3,7.240685224533081,True
483,3.59553,0.359553,3,7.240912914276123,True
484,4.34205,0.43420500000000006,3,7.241139888763428,True
485,4.6374,0.46374000000000004,3,7.241366863250732,True
486,5.66659,0.566659,3,7.241600275039673,True
487,4.06916,0.406916,3,7.241828680038452,True
488,4.34884,0.434884,3,7.242055416107178,True
489,4.98796,0.498796,3,7.242282390594482,True
490,4.17146,0.41714599999999996,3,7.3706910610198975,True
491,4.46266,0.44626599999999994,3,7.370927095413208,True
492,4.18339,0.418339,3,7.371155500411987,True
493,4.86126,0.48612599999999995,3,7.3713836669921875,True
494,4.3099,0.43099,3,7.371610164642334,True
495,3.93874,0.393874,3,7.371836423873901,True
496,3.66852,0.366852,3,7.372063159942627,True
497,5.333,0.5333,3,7.3722898960113525,True
498,4.78587,0.478587,3,7.372517347335815,True
499,3.50501,0.350501,3,7.372744083404541,True
500,4.75133,0.475133,3,7.291352987289429,True
501,4.71101,0.471101,3,7.291624069213867,True
502,5.42939,0.542939,3,7.291860818862915,True
503,5.04313,0.504313,3,7.292097568511963,True
504,4.78161,0.47816099999999995,3,7.2923314571380615,True
505,3.78108,0.378108,3,7.292566299438477,True
506,4.3571,0.43571,3,7.2928173542022705,True
507,4.39685,0.439685,3,7.293046474456787,True
508,4.64962,0.464962,3,7.293273448944092,True
509,5.55777,0.555777,3,7.293499946594238,True
510,4.30195,0.430195,3,7.0808188915252686,True
511,4.63692,0.463692,3,7.0810627937316895,True
512,5.05091,0.505091,3,7.081299543380737,True
513,3.7391,0.37391,3,7.081535339355469,True
514,6.10702,0.6107020000000001,3,7.081777095794678,True
515,3.1964,0.31964000000000004,3,7.082003355026245,True
516,5.28944,0.528944,3,7.082229375839233,True
517,4.17775,0.41777499999999995,3,7.082454681396484,True
518,6.06455,0.606455,3,7.082693576812744,True
519,4.12431,0.41243100000000005,3,7.0829198360443115,True
520,4.56474,0.45647399999999994,3,7.21508264541626,True
521,6.20267,0.620267,3,7.215322971343994,True
522,4.40284,0.440284,3,7.215553045272827,True
523,5.64735,0.564735,3,7.215782642364502,True
524,4.07753,0.40775300000000003,3,7.21601128578186,True
525,5.25008,0.5250079999999999,3,7.216265439987183,True
526,5.72475,0.5724750000000001,3,7.216501474380493,True
527,5.66762,0.566762,3,7.216737985610962,True
528,5.23245,0.523245,3,7.216976881027222,True
529,4.1343,0.41342999999999996,3,7.217213153839111,True
530,4.82478,0.48247799999999996,3,7.235180377960205,True
531,5.7033,0.57033,3,7.235435247421265,True
532,5.08711,0.508711,3,7.235664129257202,True
533,3.53578,0.353578,3,7.23589301109314,True
534,4.10783,0.410783,3,7.236121654510498,True
535,5.7271,0.57271,3,7.236348390579224,True
536,5.46145,0.546145,3,7.236575603485107,True
537,4.41099,0.441099,3,7.236804246902466,True
538,5.70367,0.570367,3,7.237030982971191,True
539,3.6845,0.36845,3,7.237256765365601,True
540,4.12957,0.412957,3,7.315779685974121,True
541,5.41953,0.541953,3,7.316032409667969,True
542,6.26529,0.626529,3,7.316261053085327,True
543,4.44973,0.44497299999999995,3,7.316486835479736,True
544,4.19756,0.419756,3,7.316713809967041,True
545,3.98701,0.398701,3,7.316940546035767,True
546,3.32958,0.332958,3,7.317167282104492,True
547,3.08056,0.308056,3,7.317394256591797,True
548,4.09544,0.409544,3,7.317620515823364,True
549,3.799,0.3799,3,7.317847967147827,True
550,5.19105,0.5191049999999999,3,7.367666006088257,True
551,4.00595,0.40059500000000003,3,7.367912530899048,True
552,5.15085,0.515085,3,7.368149995803833,True
553,2.47643,0.247643,3,7.3683857917785645,True
554,4.42713,0.442713,3,7.3686203956604,True
555,4.54292,0.454292,3,7.36885929107666,True
556,4.81985,0.481985,3,7.369085311889648,True
557,5.16852,0.516852,3,7.369311332702637,True
558,5.45111,0.545111,3,7.369536399841309,True
559,4.65603,0.46560300000000004,3,7.369763135910034,True
560,4.13881,0.41388100000000005,3,7.23968243598938,True
561,4.79823,0.479823,3,7.239928722381592,True
562,4.369,0.43689999999999996,3,7.240158796310425,True
563,3.52694,0.352694,3,7.240411281585693,True
564,4.35437,0.435437,3,7.240649938583374,True
565,4.61911,0.461911,3,7.240886926651001,True
566,3.46398,0.346398,3,7.2411229610443115,True
567,5.47941,0.547941,3,7.241357803344727,True
568,4.8563,0.48563,3,7.241603851318359,True
569,4.32975,0.432975,3,7.241832494735718,True
570,4.66412,0.46641199999999994,3,7.160021781921387,True
571,4.59012,0.459012,3,7.160258054733276,True
572,5.05976,0.505976,3,7.160485506057739,True
573,5.5838,0.55838,3,7.16071343421936,True
574,5.9765,0.59765,3,7.160941123962402,True
575,4.15729,0.41572899999999996,3,7.161206960678101,True
576,6.27312,0.627312,3,7.161450386047363,True
577,4.48991,0.44899100000000003,3,7.161694049835205,True
578,5.1787,0.51787,3,7.161937952041626,True
579,5.69215,0.569215,3,7.162182331085205,True
580,4.50715,0.45071500000000003,3,7.200023174285889,True
581,3.79295,0.379295,3,7.200268030166626,True
582,4.23836,0.423836,3,7.200497388839722,True
583,6.19528,0.6195280000000001,3,7.2007246017456055,True
584,4.55986,0.45598599999999995,3,7.2009522914886475,True
585,4.82472,0.482472,3,7.201180458068848,True
586,4.84514,0.484514,3,7.201411485671997,True
587,4.49624,0.449624,3,7.20164680480957,True
588,4.87879,0.48787900000000006,3,7.201876163482666,True
589,5.1916,0.5191600000000001,3,7.202108383178711,True
590,4.78789,0.478789,3,7.184083938598633,True
591,6.31303,0.6313030000000001,3,7.184327840805054,True
592,5.33991,0.533991,3,7.184564113616943,True
593,4.15158,0.415158,3,7.184798955917358,True
594,3.9496,0.39496000000000003,3,7.185034275054932,True
595,3.6719,0.36719,3,7.185269355773926,True
596,3.89998,0.38999799999999996,3,7.185514688491821,True
597,4.3356,0.43356000000000006,3,7.185748338699341,True
598,3.66423,0.366423,3,7.185992002487183,True
599,5.41986,0.541986,3,7.186218738555908,True
600,4.94659,0.49465899999999996,3,7.124610900878906,True
601,4.61948,0.461948,3,7.124855279922485,True
602,4.15697,0.41569700000000004,4,7.125115633010864,True
603,5.41588,0.541588,3,7.1253650188446045,True
604,6.80166,0.680166,3,7.125601530075073,True
605,5.03624,0.5036240000000001,3,7.12585973739624,True
606,3.95294,0.395294,3,7.126103639602661,True
607,4.17565,0.417565,3,7.126347541809082,True
608,5.48975,0.548975,3,7.1265952587127686,True
609,6.13021,0.613021,3,7.126830816268921,True
610,3.85806,0.385806,3,7.143679618835449,True
611,4.66524,0.466524,3,7.143921375274658,True
612,4.48647,0.44864699999999996,3,7.1441497802734375,True
613,5.50983,0.550983,3,7.144376516342163,True
614,4.88145,0.488145,3,7.144602537155151,True
615,6.4007,0.6400699999999999,3,7.144827842712402,True
616,4.21261,0.421261,3,7.14505410194397,True
617,4.32586,0.43258599999999997,3,7.1452796459198,True
618,5.65559,0.565559,3,7.14550518989563,True
619,3.12724,0.312724,3,7.145736932754517,True
620,3.62862,0.362862,3,7.293471574783325,True
621,4.92498,0.492498,3,7.293721914291382,True
622,4.23844,0.423844,3,7.293950080871582,True
623,5.28297,0.528297,3,7.294177293777466,True
624,4.12196,0.41219599999999995,3,7.294431924819946,True
625,4.41839,0.441839,3,7.294676065444946,True
626,5.99804,0.599804,3,7.294920206069946,True
627,4.31335,0.43133499999999997,3,7.295163869857788,True
628,3.1952,0.31951999999999997,3,7.295418739318848,True
629,3.44027,0.34402699999999997,3,7.295687913894653,True
630,4.04758,0.404758,4,7.165789604187012,True
631,4.5568,0.45568,3,7.166031360626221,True
632,4.68206,0.468206,3,7.166268348693848,True
633,5.1789,0.51789,3,7.166503190994263,True
634,4.95532,0.49553200000000003,3,7.166751146316528,True
635,3.59659,0.359659,3,7.16698956489563,True
636,4.26765,0.42676499999999995,3,7.16721510887146,True
637,4.90491,0.490491,3,7.167442083358765,True
638,5.99268,0.599268,3,7.167668581008911,True
639,5.86228,0.586228,3,7.167895078659058,True
640,4.44898,0.44489799999999996,3,7.3024420738220215,True
641,5.17048,0.5170480000000001,3,7.302688121795654,True
642,4.84945,0.484945,3,7.302920818328857,True
643,3.42754,0.342754,3,7.303152322769165,True
644,3.34404,0.33440400000000003,3,7.303382158279419,True
645,3.38365,0.33836499999999997,3,7.303617477416992,True
646,4.42158,0.44215799999999994,3,7.303846597671509,True
647,4.15172,0.415172,3,7.304079294204712,True
648,5.05673,0.505673,3,7.3043053150177,True
649,5.05377,0.505377,3,7.304534912109375,True
650,4.72299,0.472299,3,7.196499347686768,True
651,3.97596,0.397596,3,7.196734666824341,True
652,3.98602,0.398602,3,7.19696307182312,True
653,3.81642,0.381642,3,7.197189807891846,True
654,4.32263,0.432263,3,7.197416543960571,True
655,3.9538,0.39538,3,7.197643280029297,True
656,4.42919,0.442919,3,7.197869300842285,True
657,5.7168,0.57168,3,7.198103427886963,True
658,4.73658,0.473658,3,7.19832968711853,True
659,4.82199,0.48219900000000004,3,7.198556423187256,True
660,4.16865,0.41686500000000004,3,7.130731821060181,True
661,5.39613,0.539613,3,7.130966901779175,True
662,4.17292,0.41729200000000005,3,7.131195783615112,True
663,4.67624,0.467624,3,7.131424188613892,True
664,5.39468,0.5394680000000001,3,7.131651163101196,True
665,5.25814,0.525814,3,7.131878137588501,True
666,4.95645,0.495645,3,7.132112264633179,True
667,4.93866,0.49386599999999997,3,7.132338762283325,True
668,6.47008,0.647008,3,7.132565021514893,True
669,5.44165,0.544165,3,7.132810592651367,True
670,4.47466,0.44746600000000003,3,7.197445869445801,True
671,4.9684,0.49684,3,7.197691202163696,True
672,4.20057,0.420057,3,7.1979217529296875,True
673,4.16163,0.41616299999999995,3,7.198150873184204,True
674,4.54457,0.454457,3,7.198379039764404,True
675,4.54795,0.454795,3,7.198606967926025,True
676,4.01929,0.401929,3,7.198834180831909,True
677,5.79563,0.579563,3,7.199062824249268,True
678,4.12112,0.41211200000000003,3,7.199290752410889,True
679,4.57449,0.457449,3,7.19952917098999,True
680,4.91193,0.491193,3,7.2329277992248535,True
681,4.43342,0.443342,3,7.2331624031066895,True
682,5.73372,0.573372,3,7.2333900928497314,True
683,3.773,0.3773,3,7.233617067337036,True
684,4.87677,0.48767699999999997,3,7.233843803405762,True
685,5.08389,0.508389,3,7.234071254730225,True
686,5.38253,0.538253,3,7.234297037124634,True
687,4.40227,0.440227,3,7.234528541564941,True
688,4.04846,0.40484600000000004,3,7.234776735305786,True
689,4.1496,0.41496000000000005,3,7.235011100769043,True
690,3.78923,0.378923,3,7.2341296672821045,True
691,5.14482,0.514482,3,7.2343645095825195,True
692,5.09344,0.509344,3,7.234591960906982,True
693,4.91103,0.491103,3,7.234818458557129,True
694,4.73121,0.473121,3,7.235045671463013,True
695,5.14014,0.514014,3,7.235271692276001,True
696,6.82422,0.6824220000000001,3,7.235497236251831,True
697,4.6701,0.46701,3,7.235723257064819,True
698,4.44163,0.444163,3,7.235949277877808,True
699,5.23005,0.523005,3,7.236174583435059,True
700,4.21291,0.42129099999999997,3,7.250315189361572,True
701,3.55889,0.355889,3,7.25056791305542,True
702,5.21677,0.5216770000000001,3,7.250799655914307,True
703,4.98889,0.49888899999999997,3,7.2510294914245605,True
704,4.19892,0.41989200000000004,3,7.251265048980713,True
705,4.8901,0.48901000000000006,3,7.251492261886597,True
706,4.44959,0.444959,3,7.251718044281006,True
707,5.36984,0.536984,3,7.251945972442627,True
708,3.97148,0.397148,3,7.252171754837036,True
709,5.25765,0.525765,3,7.252427101135254,True
710,4.72585,0.47258500000000003,3,7.306299686431885,True
711,4.11469,0.41146900000000003,3,7.306567668914795,True
712,4.28884,0.42888400000000004,3,7.306804656982422,True
713,5.40704,0.5407040000000001,3,7.307039976119995,True
714,5.22895,0.522895,3,7.307276010513306,True
715,4.82801,0.482801,3,7.307512521743774,True
716,4.39724,0.439724,3,7.307752370834351,True
717,5.83625,0.583625,3,7.3079798221588135,True
718,4.99153,0.499153,3,7.308206796646118,True
719,4.21365,0.42136500000000005,3,7.308434724807739,True
720,3.64396,0.364396,3,7.275125026702881,True
721,3.50046,0.35004599999999997,3,7.275392293930054,True
722,5.29497,0.529497,3,7.275629997253418,True
723,3.81951,0.38195100000000004,3,7.275865077972412,True
724,4.55905,0.455905,3,7.276099443435669,True
725,4.28976,0.428976,3,7.276355028152466,True
726,5.11156,0.5111559999999999,3,7.276638746261597,True
727,4.02403,0.40240299999999996,3,7.276883840560913,True
728,3.733,0.3733,3,7.2771265506744385,True
729,3.12764,0.312764,3,7.277371406555176,True
730,5.06043,0.506043,3,7.094550132751465,True
731,4.59286,0.45928599999999997,3,7.0947864055633545,True
732,4.4752,0.44752000000000003,3,7.095013618469238,True
733,5.19494,0.519494,3,7.095240354537964,True
734,5.04734,0.504734,4,7.095489978790283,True
735,5.05469,0.505469,3,7.095717668533325,True
736,4.04567,0.404567,3,7.095943212509155,True
737,5.08755,0.5087550000000001,3,7.096182823181152,True
738,5.20299,0.520299,3,7.096429109573364,True
739,4.70352,0.470352,3,7.096664667129517,True
740,3.91905,0.391905,3,7.240772724151611,True
741,4.12933,0.41293300000000005,3,7.241006135940552,True
742,3.13186,0.313186,3,7.2412333488464355,True
743,2.98639,0.298639,3,7.24146032333374,True
744,4.34431,0.434431,3,7.241687297821045,True
745,5.00132,0.500132,3,7.241913318634033,True
746,3.01201,0.301201,3,7.242140054702759,True
747,4.38478,0.43847800000000003,3,7.242366552352905,True
748,4.09217,0.40921700000000005,3,7.242592096328735,True
749,3.81756,0.381756,3,7.242818593978882,True
750,4.38762,0.438762,3,7.416455030441284,True
751,3.69037,0.369037,3,7.416708946228027,True
752,4.39636,0.43963599999999997,3,7.4169394969940186,True
753,4.38493,0.43849299999999997,3,7.417166471481323,True
754,5.99573,0.599573,3,7.4173924922943115,True
755,4.46138,0.44613800000000003,3,7.417619943618774,True
756,4.6941,0.46941,3,7.417847156524658,True
757,3.69069,0.369069,3,7.418073415756226,True
758,5.17067,0.517067,3,7.418298244476318,True
759,3.84884,0.384884,3,7.4185285568237305,True
760,4.28962,0.428962,3,7.125295162200928,True
761,3.66889,0.366889,3,7.125529050827026,True
762,3.85627,0.385627,3,7.125759601593018,True
763,4.78087,0.47808700000000004,3,7.1259870529174805,True
764,5.15763,0.515763,4,7.126236915588379,True
765,4.00262,0.400262,3,7.126463174819946,True
766,4.35426,0.435426,4,7.126713275909424,True
767,4.79031,0.479031,3,7.12693977355957,True
768,3.79025,0.379025,3,7.127173900604248,True
769,4.25027,0.42502700000000004,4,7.127423048019409,True
770,4.66053,0.46605299999999994,3,7.183375597000122,True
771,4.75327,0.47532699999999994,3,7.183611631393433,True
772,4.48519,0.448519,3,7.1838390827178955,True
773,5.40842,0.5408419999999999,3,7.184066534042358,True
774,4.57575,0.457575,3,7.184294939041138,True
775,4.39364,0.43936400000000003,3,7.184522390365601,True
776,5.15682,0.515682,3,7.184749364852905,True
777,5.36044,0.536044,3,7.1849753856658936,True
778,5.09237,0.5092369999999999,3,7.1852028369903564,True
779,4.24463,0.424463,3,7.185428857803345,True
780,4.84093,0.484093,3,7.157025337219238,True
781,4.46127,0.446127,3,7.157294034957886,True
782,5.74877,0.5748770000000001,3,7.157540798187256,True
783,5.09489,0.5094890000000001,3,7.157768249511719,True
784,3.9114,0.39114,3,7.157997131347656,True
785,5.0434,0.50434,3,7.15822434425354,True
786,3.51962,0.351962,3,7.158451557159424,True
787,4.53057,0.453057,3,7.158679008483887,True
788,3.77309,0.377309,3,7.158904790878296,True
789,5.91913,0.591913,3,7.159131050109863,True
790,4.93752,0.493752,3,7.418943405151367,True
791,4.22917,0.422917,3,7.419194459915161,True
792,4.96046,0.49604600000000004,3,7.419423341751099,True
793,6.03074,0.603074,3,7.419651508331299,True
794,3.98124,0.39812400000000003,3,7.419881820678711,True
795,5.03186,0.503186,3,7.420108318328857,True
796,4.08224,0.408224,3,7.420334577560425,True
797,4.14794,0.414794,3,7.420564413070679,True
798,3.39585,0.33958499999999997,3,7.420790672302246,True
799,4.43927,0.44392699999999996,3,7.42101788520813,True
800,4.08042,0.408042,3,7.25969934463501,True
801,4.69974,0.469974,3,7.259949684143066,True
802,4.06603,0.40660299999999994,3,7.260185718536377,True
803,5.1347,0.51347,3,7.260420083999634,True
804,4.52548,0.452548,3,7.2606542110443115,True
805,4.43854,0.44385399999999997,3,7.2608888149261475,True
806,4.19141,0.41914100000000004,3,7.261129379272461,True
807,4.14582,0.41458199999999995,3,7.261355876922607,True
808,5.29323,0.529323,3,7.261583089828491,True
809,4.49503,0.449503,3,7.261809825897217,True
810,5.23796,0.523796,3,7.204148054122925,True
811,4.15426,0.41542599999999996,3,7.20440673828125,True
812,4.43405,0.443405,3,7.2046520709991455,True
813,4.61952,0.461952,3,7.204878807067871,True
814,5.20289,0.520289,3,7.205124378204346,True
815,5.25573,0.525573,3,7.205361604690552,True
816,2.86516,0.286516,3,7.205596208572388,True
817,5.34249,0.534249,3,7.205828905105591,True
818,5.90771,0.5907709999999999,3,7.2060630321502686,True
819,5.28365,0.528365,3,7.206308126449585,True
820,4.71854,0.471854,3,7.182627201080322,True
821,4.66114,0.466114,3,7.182864665985107,True
822,4.4315,0.44315,3,7.183092832565308,True
823,4.86485,0.48648499999999995,3,7.183320045471191,True
824,5.645,0.5645,3,7.183546543121338,True
825,4.48767,0.44876699999999997,3,7.1837732791900635,True
826,3.88222,0.38822199999999996,3,7.183999538421631,True
827,3.14573,0.314573,3,7.184239387512207,True
828,4.73328,0.47332799999999997,3,7.184466123580933,True
829,4.58737,0.458737,3,7.184692144393921,True
830,6.18569,0.618569,3,7.139589786529541,True
831,3.9787,0.39787,3,7.139841794967651,True
832,4.90423,0.490423,3,7.140071153640747,True
833,4.3174,0.43174,3,7.140300273895264,True
834,5.53565,0.5535650000000001,3,7.140527009963989,True
835,4.77593,0.477593,3,7.140753746032715,True
836,5.82987,0.5829869999999999,3,7.140980243682861,True
837,5.22473,0.522473,4,7.141234636306763,True
838,5.66964,0.566964,3,7.1414618492126465,True
839,5.17138,0.517138,3,7.141688346862793,True
840,5.01421,0.501421,3,7.291485071182251,True
841,5.06315,0.5063150000000001,3,7.291748046875,True
842,4.17041,0.41704100000000005,3,7.291984796524048,True
843,5.39477,0.539477,3,7.2922203540802,True
844,6.24619,0.624619,3,7.292456388473511,True
845,5.64683,0.5646829999999999,3,7.292692422866821,True
846,4.19971,0.419971,3,7.2929298877716064,True
847,4.17325,0.41732500000000006,3,7.293174982070923,True
848,3.91924,0.391924,3,7.293425559997559,True
849,4.06153,0.40615300000000004,3,7.293659925460815,True
850,4.2804,0.42804000000000003,3,7.121165752410889,True
851,5.45854,0.5458540000000001,4,7.121425151824951,True
852,6.31075,0.6310749999999999,3,7.121654510498047,True
853,4.25297,0.42529700000000004,3,7.121882200241089,True
854,3.71768,0.371768,3,7.1221089363098145,True
855,5.59969,0.5599689999999999,3,7.122334957122803,True
856,4.15659,0.41565899999999995,4,7.122584342956543,True
857,3.24874,0.324874,3,7.1228108406066895,True
858,3.65467,0.365467,3,7.123046875,True
859,4.58531,0.45853099999999997,3,7.123274326324463,True
860,5.9312,0.59312,3,7.082602024078369,True
861,4.17841,0.417841,3,7.0828492641448975,True
862,3.50694,0.350694,3,7.083078384399414,True
863,5.37341,0.537341,3,7.083308935165405,True
864,5.04065,0.504065,4,7.083562135696411,True
865,5.40825,0.540825,3,7.08379602432251,True
866,4.50103,0.45010300000000003,4,7.08404541015625,True
867,5.26401,0.526401,3,7.084273815155029,True
868,5.23444,0.523444,3,7.084498405456543,True
869,4.8616,0.48616000000000004,3,7.084724426269531,True
870,5.60559,0.560559,3,7.264632701873779,True
871,4.04224,0.40422399999999997,3,7.264882564544678,True
872,5.54726,0.5547259999999999,3,7.26511025428772,True
873,4.21554,0.421554,3,7.265335321426392,True
874,4.89945,0.48994499999999996,3,7.265568494796753,True
875,4.40031,0.440031,3,7.265794515609741,True
876,3.49941,0.349941,3,7.266021490097046,True
877,5.21672,0.5216719999999999,3,7.266247510910034,True
878,3.91114,0.391114,3,7.266473054885864,True
879,4.34159,0.434159,3,7.2667012214660645,True
880,4.8949,0.48949,3,7.178269147872925,True
881,4.96842,0.496842,3,7.178504228591919,True
882,6.66096,0.666096,3,7.178731203079224,True
883,4.35134,0.435134,3,7.178958177566528,True
884,5.49189,0.5491889999999999,3,7.179185390472412,True
885,5.58367,0.558367,3,7.179411888122559,True
886,4.16396,0.41639600000000004,3,7.179638624191284,True
887,4.00288,0.40028800000000003,3,7.179864406585693,True
888,3.71997,0.371997,3,7.180090427398682,True
889,4.59385,0.459385,3,7.18031644821167,True
890,5.81996,0.581996,3,7.281466960906982,True
891,5.50455,0.550455,3,7.281718492507935,True
892,3.75582,0.37558199999999997,3,7.281955242156982,True
893,6.10942,0.610942,3,7.2821900844573975,True
894,4.20966,0.42096600000000006,3,7.282428979873657,True
895,4.45235,0.445235,3,7.282655954360962,True
896,3.64591,0.364591,3,7.28288197517395,True
897,5.15371,0.515371,3,7.283108949661255,True
898,4.61054,0.461054,3,7.283334732055664,True
899,4.33299,0.433299,3,7.283560037612915,True
900,4.68989,0.468989,3,7.1432178020477295,True
901,4.03545,0.403545,3,7.143451690673828,True
902,4.84119,0.484119,3,7.143679857254028,True
903,3.51329,0.351329,3,7.143907070159912,True
904,4.48748,0.448748,3,7.1441333293914795,True
905,6.0913,0.6091300000000001,3,7.144359827041626,True
906,5.07749,0.507749,3,7.144584655761719,True
907,3.89052,0.389052,3,7.144810199737549,True
908,5.71278,0.5712780000000001,3,7.145046710968018,True
909,5.35931,0.5359309999999999,3,7.1452717781066895,True
910,3.95287,0.395287,3,7.17774510383606,True
911,5.62936,0.562936,3,7.177991628646851,True
912,4.4175,0.44175000000000003,3,7.178219795227051,True
913,3.88187,0.388187,3,7.178447484970093,True
914,5.39288,0.539288,3,7.1786744594573975,True
915,4.34476,0.434476,3,7.178900480270386,True
916,5.501,0.5501,3,7.179126024246216,True
917,4.49504,0.449504,3,7.179352045059204,True
918,5.92422,0.592422,3,7.179577589035034,True
919,4.86049,0.48604900000000006,4,7.179834604263306,True
920,4.54614,0.454614,3,7.2026450634002686,True
921,5.67472,0.567472,3,7.202909708023071,True
922,5.09854,0.509854,3,7.2031569480896,True
923,5.87329,0.587329,3,7.203400135040283,True
924,5.07997,0.507997,3,7.2036449909210205,True
925,4.67673,0.467673,3,7.203893661499023,True
926,4.16896,0.41689600000000004,3,7.204119443893433,True
927,4.20259,0.420259,3,7.204343557357788,True
928,4.05041,0.40504100000000004,3,7.204569339752197,True
929,5.806,0.5806,3,7.204797029495239,True
930,5.90625,0.590625,3,7.081876039505005,True
931,5.47417,0.547417,3,7.082110404968262,True
932,3.88645,0.388645,3,7.082338809967041,True
933,3.95236,0.39523600000000003,4,7.0825889110565186,True
934,4.46427,0.446427,3,7.082815170288086,True
935,5.03474,0.503474,3,7.083040952682495,True
936,4.12068,0.412068,3,7.0832679271698,True
937,4.42396,0.442396,3,7.083494663238525,True
938,4.88449,0.488449,3,7.0837202072143555,True
939,2.93434,0.29343400000000003,3,7.0839455127716064,True
940,4.13483,0.413483,3,7.294964551925659,True
941,4.9852,0.49851999999999996,3,7.2952001094818115,True
942,4.0809,0.40808999999999995,3,7.295428991317749,True
943,4.12727,0.412727,3,7.295655965805054,True
944,4.88388,0.48838800000000004,3,7.295883417129517,True
945,4.62585,0.46258499999999997,3,7.296109199523926,True
946,6.44397,0.644397,3,7.296334266662598,True
947,5.87729,0.5877290000000001,3,7.296560287475586,True
948,4.79985,0.479985,3,7.296785354614258,True
949,5.46279,0.546279,3,7.297012090682983,True
950,5.32927,0.532927,3,7.139353513717651,True
951,3.78811,0.378811,3,7.1395957469940186,True
952,3.78658,0.378658,3,7.139823913574219,True
953,5.48122,0.548122,3,7.140050888061523,True
954,3.83653,0.383653,4,7.140326261520386,True
955,4.86647,0.48664699999999994,3,7.140555143356323,True
956,4.12894,0.412894,3,7.140782117843628,True
957,4.72209,0.472209,3,7.141008615493774,True
958,6.61073,0.661073,3,7.1412353515625,True
959,4.59339,0.45933900000000005,3,7.141461372375488,True
960,4.17604,0.41760400000000003,3,7.169222354888916,True
961,5.41053,0.541053,3,7.169486045837402,True
962,3.73394,0.373394,3,7.169722318649292,True
963,3.57619,0.357619,3,7.16995644569397,True
964,4.53493,0.45349300000000003,3,7.170191049575806,True
965,4.50768,0.45076799999999995,3,7.1704254150390625,True
966,5.29937,0.529937,3,7.1706647872924805,True
967,4.5814,0.45814000000000005,3,7.170891284942627,True
968,3.88449,0.388449,3,7.171128511428833,True
969,4.31081,0.431081,3,7.171355247497559,True
970,5.45447,0.545447,3,7.141628980636597,True
971,4.21819,0.421819,3,7.141876220703125,True
972,5.9462,0.59462,3,7.142107009887695,True
973,4.29582,0.429582,3,7.1423375606536865,True
974,5.24412,0.524412,3,7.14256477355957,True
975,3.67044,0.36704400000000004,3,7.1427929401397705,True
976,3.80508,0.38050799999999996,3,7.1430182456970215,True
977,5.99479,0.599479,3,7.14324426651001,True
978,3.97681,0.397681,3,7.143469333648682,True
979,4.87576,0.48757599999999995,3,7.143697500228882,True
980,5.03116,0.503116,3,7.155728340148926,True
981,4.07341,0.407341,3,7.1559624671936035,True
982,4.71592,0.47159199999999996,3,7.156190872192383,True
983,5.52935,0.552935,3,7.156418561935425,True
984,5.54488,0.554488,3,7.156646013259888,True
985,5.46573,0.546573,3,7.156872987747192,True
986,4.79666,0.47966600000000004,3,7.157119274139404,True
987,4.67041,0.46704100000000004,3,7.1573662757873535,True
988,5.19051,0.5190509999999999,3,7.157624959945679,True
989,4.21983,0.421983,3,7.157870292663574,True
990,5.42798,0.542798,3,7.331749200820923,True
991,5.48253,0.548253,3,7.331992149353027,True
992,3.94343,0.394343,3,7.332228422164917,True
993,5.05789,0.505789,3,7.332474708557129,True
994,4.05995,0.405995,3,7.332711696624756,True
995,5.42317,0.5423169999999999,3,7.3329548835754395,True
996,4.20789,0.42078899999999997,3,7.333183288574219,True
997,3.84929,0.38492899999999997,3,7.33341121673584,True
998,5.71782,0.571782,3,7.333637952804565,True
999,4.16434,0.416434,3,7.333864450454712,True
